chain,pool,factory,factory_version,token0,token0_symbol,token0_balance,token0_value_usd,token1,token1_symbol,token1_balance,token1_value_usd,total_value_usd,blockNumber,txHash,priceProvider,admin,adminFeeDestination
ethereum,0x948462ce2b2eae59c65d9f2f94b3d8de4fbd4396,0xe22F9fc0f04486dE25ed6CF1800a4a47aFD82e0C,legacy(A),0x9d39a5de30e57443bff2a8307a4256c8797a3497,sUSDe,116115617956794450789685,144296.88790629932,0x4c9edd5852cd905f086c759e8383e09bff1e68b3,USDe,366310396082415048601871,366171.5857292257,510468.47363552504,0x1798cf4,0x7ab4879f61f4d0d502d60903d0cf117b5b57efad7004de6b5e458fd822f7c8e5,0xc707987ea4dddd45890b1b23af6badad6a0adcac,,
bsc,0xed1029bbaea4a2903993b43f24f52a36eca717b8,0xe22F9fc0f04486dE25ed6CF1800a4a47aFD82e0C,legacy(A),0x205812cdbed920aff76c6580abd681a46d11efc7,QQQB,119267607318006413141,86158.55716480312,0x55d398326f99059ff775485246999027b3197955,USDT,377762866811015979478543,377557.29713316215,463715.8542979653,0x6b78119,0x3f36dd0d22166d57cf6d15df0ee279270b19baf1873de50089ce16e8438bb4b5,0xa1b8fcc115eeb649d3ba4d787bf518ce84387850,,
robinhood,0x328b09f80379432d92dbd8ba91999e83b70da706,0x622911384e7973439b8be305f5e3Fc3c5736EDe4,v1(B),0x0bd7d308f8e1639fab988df18a8011f41eacad73,WETH,90455605807483871536,169724.55991475182,0x5fc5360d0400a0fd4f2af552add042d716f1d168,USDG,178375397309,178343.1229677504,348067.6828825022,0x1f6d3ea,0x100b1cf0be4fab518b9704b3268ae1ddb651d78d145294eeb0726ef46fe06a0f,0xb1e4142db0257c35ccd2105699d1cc7250179117,0x05af07e7fedc42999eb00c666d1a6c76c0806f0f,0xde0ae901fe81c82ce26d6cbdc671125e5fd8f8ae
base,0x11d5a5e1633c3a99fd023b8fd2d3486773c50993,0xe22F9fc0f04486dE25ed6CF1800a4a47aFD82e0C,legacy(A),0x4200000000000000000000000000000000000006,WETH,92403477628722903018,173404.47536163297,0x833589fcd6edb6e08f4c7c32d4f71b54bda02913,USDC,159174242794,159102.82562693747,332507.30098857044,0x2edfd83,0xa482159b3d76426802d58b19e734d0c03fdb43a06ec63e81987515146cee59bc,0x244b8e9de71cc2fbb2e1c42ba41ab17bc9358c4c,,
polygon,0xc365ef377bdd942b487e9cb2db97a2617b0856e4,0xe22F9fc0f04486dE25ed6CF1800a4a47aFD82e0C,legacy(A),0x2791bca1f2de4661ed88a30c99a7a9449aa84174,USDC,277318742067,277164.1799431704,0x3c499c542cef5e3811e1192ce70d8cc03d5c3359,USDC,54911991185,54887.35366337993,332051.5336065503,0x545aae3,0xdd1ed639ca4d037fd3bccb4333ebaa540c16b64c1327b19d982ecf9d04f837e7,0x3f396eb3b3dc50a6024467c1e8147e63e43e2b7b,,
hyperevm,0x1c8ee7e99e2aecd1338e111716e4744e7d088098,0xe22F9fc0f04486dE25ed6CF1800a4a47aFD82e0C,legacy(A),0x5555555555555555555555555555555555555555,WHYPE,2808312669693886540004,157270.6095745834,0xb88339cb7199b77e23db6e890353e22632ba630f,USDC,120563214607,120509.1211614271,277779.7307360105,0x237e301,0x34f908e3de7c47150d31bc893a0a8968c85cd75cddfca9f20e539dd239606ffc,0x916a93913b112270f0e2b70b652918480d25f815,,
ethereum,0x7718360ead37485836e7fa69deae10058813baf1,0xe22F9fc0f04486dE25ed6CF1800a4a47aFD82e0C,legacy(A),0xdac17f958d2ee523a2206206994597c13d831ec7,USDT,196974445044,196800.3242204079,0xa0b86991c6218b36c1d19d4a2e9eb0ce3606eb48,USDC,65893082951,65863.51851123404,262663.84273164195,0x1859e6f,0xbbb13b176d51a56b547bf2b0e608b1382f04add523ecb83013bc2b1d49bee4f7,0xf1540a540218a98411912f6d9f93d5d96d4e6539,,
ethereum,0x9195196785b07bf781f4f48eeb60a1891ba9b4bc,0xe22F9fc0f04486dE25ed6CF1800a4a47aFD82e0C,legacy(A),0xc02aaa39b223fe8d0a0e5c4f27ead9083c756cc2,WETH,64049819583131514191,120195.96715229891,0xa0b86991c6218b36c1d19d4a2e9eb0ce3606eb48,USDC,111551713566,111501.66333661607,231697.63048891496,0x18089e6,0xed3079be8df0529a3a73b1a110892318a578719f827a399c39b1b46de603cbae,0xa175d15ac8e2626c749d18557bd602950d6a8998,,
arbitrum,0x6ae2d3d4042d352334817cae7cea0607071c20c1,0xe22F9fc0f04486dE25ed6CF1800a4a47aFD82e0C,legacy(A),0x82af49447d8a07e3bd95bd0d56f35241523fbab1,WETH,50845285684685082903,95301.17448751279,0xaf88d065e77c8cc2239327c5edb3a432268e5831,USDC,56079562040,56054.400660993546,151355.57514850632,0x1d1653e3,0xb7af569906097b510ff3bcb448c0eaad57d4f7f1528a690cb004e6af220b2295,0x2b7672aa254f563ebd567fa8277f52a05ebd0c65,,
arbitrum,0x5107e9799e01a104903cca1b1e070c433795a4b3,0xe22F9fc0f04486dE25ed6CF1800a4a47aFD82e0C,legacy(A),0xaf88d065e77c8cc2239327c5edb3a432268e5831,USDC,65196092416,65166.84069698963,0xfd086bc7cd5c481dcc9c85ebe478a1c0b69fcbb9,USDT0,74700114488,74620.46142469253,139787.30212168215,0x1d1653b3,0x81402f3614a95d7e27a396a4a0d6e5ff850d1ea872ea610de31bfeecf3da2575,0x819ed09e5ab1470b9f4ec79dc2c4931af2c1d803,,
avax,0xee0c449475cfadd2a69e662617a993405b6ffc07,0xe22F9fc0f04486dE25ed6CF1800a4a47aFD82e0C,legacy(A),0xb31f66aa3c1e785363f0875a1b74e27b85fd66c7,WAVAX,14457191223423437406212,91587.52993638764,0xb97ef9ef8734c71904d8002f8b6bc66dd9c48a6e,AvalancheUSDC,45360957211,45340.60497936761,136928.13491575525,0x4dfd822,0x3ae99527f7590351dc0f33626ccae7fcae3badafe71bc81d32710ba1adf627dd,0x02e9edce025a5b90ba0bdbcac067e7aab9be74f4,,
base,0x60b0c053a9981b9096c8522975b7a2184fc18b91,0xe22F9fc0f04486dE25ed6CF1800a4a47aFD82e0C,legacy(A),0xcbb7c0000ab88b473b1f5afd9ef808440eed33bf,cbBTC,112599532,71361.60815500419,0x833589fcd6edb6e08f4c7c32d4f71b54bda02913,USDC,58384763482,58358.56782160728,129720.17597661147,0x2edfd7a,0x9ed240eb8ff1a8b58065807b1252c5fb41143d2b9918ea9125c72cb407a42159,0xf7e4a2ed44facbe1490384f3108f54d705bdabd0,,
hyperevm,0xc6e61666e362b45e8ba9d4cb3c70e084798ae57c,0xe22F9fc0f04486dE25ed6CF1800a4a47aFD82e0C,legacy(A),0x5555555555555555555555555555555555555555,WHYPE,985434618004172673193,55186.1282192293,0xb88339cb7199b77e23db6e890353e22632ba630f,USDC,50983030769,50960.156065392985,106146.28428462229,0x1dc1ec3,0xc95ce048a9b6b1351cd86fefa82939a69b50dd9c5c36cc74a4e2ff60dae01c3a,0xb6d0106927df2be6e44683a6e540ed60ec6c31b4,,
monad,0xfa32f9ec28787d1f9c5ba5c39e54e59984fef3f0,0xe22F9fc0f04486dE25ed6CF1800a4a47aFD82e0C,legacy(A),0x3bd359c1119da7da1d913d1c4d2b7c461115433a,WMON,1468140086357020560862530,31912.452788073162,0x754704bc059f8c67012fed69bc8a327a5aafb603,USDC,72359231159,72326.76553384929,104239.21832192245,0x3e07664,0xd77b6af4b68b0d31bff9fb8de475cd93f810b28d375c20ad15484726b9b2818d,0xf034c1d706e0939e6a5c64ea0fa98620b34964cf,,
ethereum,0xbd943376a6f84bd817b190ab7ee422b7cc70b4c4,0xe22F9fc0f04486dE25ed6CF1800a4a47aFD82e0C,legacy(A),0x4c9edd5852cd905f086c759e8383e09bff1e68b3,USDe,2275098256733120937066,2274.2361267036845,0xdac17f958d2ee523a2206206994597c13d831ec7,USDT,100334272075,100245.57891440087,102519.81504110456,0x182c559,0x293d67eade72f2f0d9746f5fe7aff438aa444a070a1fc2c9058616a6b81b2f69,0xbc5484a99acfeade43e09404bcf672f3cd11ed03,,
ethereum,0x9ed0780e697d7bb92360a45951f3481dd06d6d20,0xe22F9fc0f04486dE25ed6CF1800a4a47aFD82e0C,legacy(A),0x4c9edd5852cd905f086c759e8383e09bff1e68b3,USDe,26920318783796844891782,26910.11754736372,0xa0b86991c6218b36c1d19d4a2e9eb0ce3606eb48,USDC,73320252993,73287.35618340848,100197.47373077221,0x1845c02,0xdc51d5be69a6256c6b927f4d9532d098bbdb7f84d488f3f707defbdb8e3f54e7,0xb859f4c6bed073f86f0ef3006a5fdd037c65b042,,
base,0x41740eda7ec96cbb1555fa054d7161c4db699142,0xe22F9fc0f04486dE25ed6CF1800a4a47aFD82e0C,legacy(A),0x4200000000000000000000000000000000000006,WETH,24217839748073366780,45447.22670266024,0xcbb7c0000ab88b473b1f5afd9ef808440eed33bf,cbBTC,86265682,54672.14371821899,100119.37042087923,0x2edfd80,0x4b8573fce1de437c4d5346ca7f650962fa1da60123104d0789ebc496b951333f,0x616fd2689b7878727f8fd7923b8f6ef44b38553d,,
monad,0x354d92279ca0190ff275095fe6a2a6989baa66fb,0xe22F9fc0f04486dE25ed6CF1800a4a47aFD82e0C,legacy(A),0xee8c0e9f1bffb4eb878d8f15f368a02a35481242,WETH,13813651239630098961,26018.225594230393,0x754704bc059f8c67012fed69bc8a327a5aafb603,USDC,48456467504,48434.72640082747,74452.95199505787,0x4449d06,0x367933ea812cd5c32e0bbc5c4e3b078599a75cb159795da3d3a0b7755d752d52,0x6f3ad3ff7e95f08fe852d46ec8170b4aab225ef8,,
monad,0x2d82ac42334b394a9a8d8f097d61dc1c6b065fd8,0xe22F9fc0f04486dE25ed6CF1800a4a47aFD82e0C,legacy(A),0x0555e30da8f98308edb960aa94c0db47230d2b9c,WBTC,5288626,3352.516236418241,0x754704bc059f8c67012fed69bc8a327a5aafb603,USDC,65591405762,65561.97667660938,68914.49291302763,0x3de7a24,0x256acf1a3097a837bfaa2eb510105fa3f01a1d5c18ed7b863cdf33f2bd479aab,0x3a911762cf640b482e72fe53462419798c9ed591,,
bsc,0x3745f03a957db146d79dfb24a884cdb9a630cf3e,0xe22F9fc0f04486dE25ed6CF1800a4a47aFD82e0C,legacy(A),0xbe9d156892e55e7154bcd3cb0fea677f9d3103e1,SPCXB,110029228660654029775,16101.724972523334,0x55d398326f99059ff775485246999027b3197955,USDT,50528972237433475196525,50501.475557749676,66603.20053027301,0x6c855cb,0x700c2b38b71cc0052c1b69136bcfdcd4483a8d0e018f02d4026a35517cde052f,0x0e4b15f2058d004bbb042edf05cd2138e30166ed,,
arbitrum,0xe90e28e564adc6e526b762af04bf47b8fcb8c2a5,0xe22F9fc0f04486dE25ed6CF1800a4a47aFD82e0C,legacy(A),0xcbb7c0000ab88b473b1f5afd9ef808440eed33bf,cbBTC,56080579,35541.8910951047,0xaf88d065e77c8cc2239327c5edb3a432268e5831,USDC,28037591517,28025.01180986741,63566.902904972114,0x1d165398,0xf1efa529e0f38212fcadb62bc0710a07793012c7473bfdcddebfc9837156f1a3,0xf3b88c1f3cbc2eb15dd6d6c51b090799afcce567,,
arbitrum,0xa6cb1c1a226622c4ef5a151106bc2ebe25cfbd32,0xe22F9fc0f04486dE25ed6CF1800a4a47aFD82e0C,legacy(A),0xaf88d065e77c8cc2239327c5edb3a432268e5831,USDC,18360797963,18352.55997076892,0xfd086bc7cd5c481dcc9c85ebe478a1c0b69fcbb9,USDT0,41124492504,41080.64127529225,59433.20124606117,0x1c4ebd31,0xe3dcc57cbe7cc9db16ed46985e289d91c50efb0cb29889a850cc982a64e628f0,0x8c2d8f7567842de88e19be3658da73f821d62a63,,
avax,0x68d2fd65fe9529bfa59b3e325ee98329800051bd,0xe22F9fc0f04486dE25ed6CF1800a4a47aFD82e0C,legacy(A),0x49d5c2bdffac6ce2bfdb6640f4f80f226bc10bab,WETH,16564370514380844271,31231.476790091077,0xb97ef9ef8734c71904d8002f8b6bc66dd9c48a6e,AvalancheUSDC,24918464850,24907.284610434246,56138.76140052533,0x4dfd848,0x5c0648b62e6e32e12ed456c40373bc85ab8dd548831d625f72579c669c8fbcee,0x11eb82074de46d537dc8e0e39d85f5509e8f0234,,
base,0x04156abef47aa724f589aa7476ddcf24a058e23d,0xe22F9fc0f04486dE25ed6CF1800a4a47aFD82e0C,legacy(A),0xacfe6019ed1a7dc6f7b508c02d1b04ec88cc21bf,VVV,1448035163561499563106,16740.349985504687,0x833589fcd6edb6e08f4c7c32d4f71b54bda02913,USDC,32815521272,32800.797837329985,49541.14782283467,0x2b7c382,0xc0d317d8d6d581d7949f470182fb17f48502e27efb380f8485a307a580c084ee,0xf53c5408a830bab1fc8e749d850d0a7906dbcda1,,
avax,0x450714f411cfa00fa22cfd9f9de59a588b1e2711,0xe22F9fc0f04486dE25ed6CF1800a4a47aFD82e0C,legacy(A),0x152b9d0fdc40c096757f570a51e494bd4b943e50,btc.b,47386525,30125.305536795273,0xb97ef9ef8734c71904d8002f8b6bc66dd9c48a6e,AvalancheUSDC,17058240984,17050.58741376927,47175.89295056454,0x4dfd82e,0x619c6351bb30b2385d617db1a0dd061e076e1912fb906a885f1cbabf0a5f3129,0x63197731adcceddef90d8b445f95c0558d85678c,,
bsc,0x2308db6733c9652704b6b9bb9720788706aabd0a,0xe22F9fc0f04486dE25ed6CF1800a4a47aFD82e0C,legacy(A),0xbb4cdb9cbd36b01bd1cbaebf2de08d9173bc095c,WBNB,38854363551423287151,23672.24721825464,0x55d398326f99059ff775485246999027b3197955,USDT,19349738588412163023471,19339.208915229206,43011.45613348385,0x6d244ca,0x625e148885ff4f11f40915236c390a1586a1f129e04847e0b1a081227795b2eb,0x30f8d9cff7001dfaf8f035ab4b8a4f771f96fe89,,
polygon,0x65b670c5cd5d7abb229be2e6ac03f4666864342d,0xe22F9fc0f04486dE25ed6CF1800a4a47aFD82e0C,legacy(A),0x7ceb23fd6bc0add59e62ac25578270cff1b9f619,WETH,12184171141288985466,22935.916329389773,0x3c499c542cef5e3811e1192ce70d8cc03d5c3359,USDC,18104859605,18096.73644537092,41032.65277476069,0x50fe22c,0xe718acc43c1c1fa7906b87288b3dd6c9c6d261e8cf5685de8f403aa3a4251e64,0xf034c1d706e0939e6a5c64ea0fa98620b34964cf,,
megaeth,0x02adbc11c0cb9a193abc806f08a29aa895808a77,0xe22F9fc0f04486dE25ed6CF1800a4a47aFD82e0C,legacy(A),0xb8ce59fc3717ada4c02eadf9682a9e934f625ebb,USDT0,9336651172,9326.695459455508,0x28b7e77f82b25b95953825f1e3ea0e36c1c29861,MEGA,889675838497046692398022,29559.126273824306,38885.821733279816,0xe10b83,0x70e235b4b7c4d23ea2495d48d4e781b65e058095712306e5907102c5f050791c,0x908a41f1d3aa0c527db91d4891b57217094abcd0,,
bsc,0xebeff7ececf4f8334ac6c629d16f6516f689a58e,0xe22F9fc0f04486dE25ed6CF1800a4a47aFD82e0C,legacy(A),0x7138b48df7d98d7e3cc221bfe7192d0a178182d8,SPYB,33644548107950860687,25959.977302039304,0x55d398326f99059ff775485246999027b3197955,USDT,10736011476262066988037,10730.169191023071,36690.14649306238,0x6c85815,0xc3a8ae0cc9a74401cfed18d8479fc18d41e96547e16ab2d408d5a445e75e69b0,0xabe9546fbb2dd8c5138572fafd94918930897d7e,,
hyperevm,0x0a2b998b714a1b7bc2018019e5418e47f042b885,0xe22F9fc0f04486dE25ed6CF1800a4a47aFD82e0C,legacy(A),0x9fdbda0a5e284c32744d2f17ee5c74b284993463,UBTC,47694117,30208.80609813069,0xb88339cb7199b77e23db6e890353e22632ba630f,USDC,6420433390,6417.552715614629,36626.35881374532,0x233fd30,0x6e71f78e7e1d267a07c0e20cf40d7cbb12e9562883118c162957fa716ad70cc6,0x91481bff88c5cbd8a2e3fe5f83a6eed047b4cab3,,
base,0x2f5031e9f73632bfb3f05de565f7db06a2f5ba95,0xe22F9fc0f04486dE25ed6CF1800a4a47aFD82e0C,legacy(A),0x60a3e35cc302bfa44cb288bc5a4f316fdb1adb42,EURC,17652774426,20327.482732745397,0x833589fcd6edb6e08f4c7c32d4f71b54bda02913,USDC,14578495239,14571.954263451893,34899.43699619729,0x2b29441,0x9816336490e7c5803f7ec2d71a3695b5bee8af3d93543933d7bd1d776a7872a8,0x701759ce4a36e2baded203e83f8e35711d4f0996,,
bsc,0xc6448de0b0ae196e5602e349b8a1a1a7a7c10af7,0xe22F9fc0f04486dE25ed6CF1800a4a47aFD82e0C,legacy(A),0x02fca66c1d1afb4e2a7884261eb00f63598a7436,NVDAB,75395916323588664494,16841.04401680742,0x55d398326f99059ff775485246999027b3197955,USDT,16735986555018102300878,16726.87922429043,33567.92324109785,0x6c85e6e,0x846dbcc14cd46f3279ae485bbf60b30f1c3d64fec9e968f1316df7a7c09f02ad,0xe10113d50d0370d60fa52d3403c6820a7501f3bc,,
bsc,0x8404415abea8f65ba2dcf44ee91beadba2887c35,0xe22F9fc0f04486dE25ed6CF1800a4a47aFD82e0C,legacy(A),0xbb4cdb9cbd36b01bd1cbaebf2de08d9173bc095c,WBNB,28144559411108053250,17147.236689306148,0x55d398326f99059ff775485246999027b3197955,USDT,10774098722919266367004,10768.235711495372,27915.47240080152,0x6c8c7ee,0x4e5e240814e9412e7d0617fea8edd24d34a63ddc4ce0aeffc01ec8bc786bdf87,0x929ceed288f3c457b4470e3771daef21f5b6067b,,
base,0x18affb4cc2dd922137056d35c60ad5d0b0b1325f,0xe22F9fc0f04486dE25ed6CF1800a4a47aFD82e0C,legacy(A),0x940181a94a35a4569e4529a3cdfb74e38fd98631,AERO,28553141166150648321139,11809.192587560214,0x833589fcd6edb6e08f4c7c32d4f71b54bda02913,USDC,15748020566,15740.954856146918,27550.14744370713,0x2edfd64,0xfe63b7ad52693b799e1aa81599a27f7cd4c31d27dd954157430a109e1f8b7535,0x3dfc309ffa097ea7cafd896649f7faae9aafc959,,
base,0x501568a7c6d9257ded9506008de044565c68fd60,0x622911384e7973439b8be305f5e3Fc3c5736EDe4,v1(B),0x4200000000000000000000000000000000000006,WETH,7161804885181563458,13439.851514541457,0x833589fcd6edb6e08f4c7c32d4f71b54bda02913,USDC,13151437139,13145.536445729645,26585.387960271102,0x2efc61c,0xf9cb081cb9f2a074bc8c29dc90e538200c78534e21f3d8c482a2281a07ebaa35,0xbfb141d1f0253b1080289b9f945c0d92a8d75c79,0x05af07e7fedc42999eb00c666d1a6c76c0806f0f,0xde0ae901fe81c82ce26d6cbdc671125e5fd8f8ae
base,0xf5605febf4720ec0b303225188e45c2e195e1787,0x622911384e7973439b8be305f5e3Fc3c5736EDe4,v1(B),0x0b3e328455c4059eeb9e3f84b5543f74e24e7e1b,VIRTUAL,34019571219235449148736,19918.609923393047,0x833589fcd6edb6e08f4c7c32d4f71b54bda02913,USDC,5937078518,5934.414711840532,25853.024635233578,0x2f3d4bd,0xe90459956702e186fd200f62bcad3b8e368b31fa743eb55dd65a75791e4e80a0,0xd302ee23cd451fa753125d2350b5ebaa744091df,0xae58d399432abb59bc45de8c04a0d60cdd575e0c,0xae58d399432abb59bc45de8c04a0d60cdd575e0c
base,0x6d73ade0cd5ee7d826dccfc700d26aad3cbd957f,0x622911384e7973439b8be305f5e3Fc3c5736EDe4,v1(B),0xcbb7c0000ab88b473b1f5afd9ef808440eed33bf,cbBTC,22190641,14063.64484490371,0x833589fcd6edb6e08f4c7c32d4f71b54bda02913,USDC,8068972653,8065.35232374404,22128.99716864775,0x2efc625,0xbcc03e04f0f66e2a2d7862bb4b96f5f5c5d1a94c1311af6c5db3a5190031e684,0xf7e4a2ed44facbe1490384f3108f54d705bdabd0,0x05af07e7fedc42999eb00c666d1a6c76c0806f0f,0xde0ae901fe81c82ce26d6cbdc671125e5fd8f8ae
megaeth,0x8c554f1050d6d7e617aa8a0fc4d03b6ac02db770,0xe22F9fc0f04486dE25ed6CF1800a4a47aFD82e0C,legacy(A),0x4200000000000000000000000000000000000006,WETH,97287011725107208,183.654625596687,0xb8ce59fc3717ada4c02eadf9682a9e934f625ebb,USDT0,20548215732,20526.305078451813,20709.9597040485,0xb9c99c,0x837f018df955666b32b68ec44a4330a3d915e64357b3eac8e436c45c2f07583f,0x3a911762cf640b482e72fe53462419798c9ed591,,
ethereum,0xc94896ae5abbcd3d820e50ce97b049879fe53c8d,0xe22F9fc0f04486dE25ed6CF1800a4a47aFD82e0C,legacy(A),0x6c3ea9036406852006290770bedfcaba0e23a0e8,PYUSD,3751884913,3751.2176817054556,0xa0b86991c6218b36c1d19d4a2e9eb0ce3606eb48,USDC,14156280457,14149.9289177771,17901.146599482556,0x188c214,0x86097fe92c9408e909978069121ffddb2989baffbd008a50c66eebae34bd9a10,0x41aadf53be066b77b9ac31e73e3f62980d254191,,
base,0x88a643cb46c61d402bc99f43698004e72da42efc,0xe22F9fc0f04486dE25ed6CF1800a4a47aFD82e0C,legacy(A),0x60a3e35cc302bfa44cb288bc5a4f316fdb1adb42,EURC,9809178394,11295.442836043536,0x833589fcd6edb6e08f4c7c32d4f71b54bda02913,USDC,5963809017,5961.133217590372,17256.576053633908,0x2edfd7d,0xf28d7c507d8b293b7bf0b95c7b0b4687595803caf5d088f233ab59bceba35599,0xc1798269cf4af41a0f35d9e60ecd327380466edf,,
base,0x82f3ecf681effd1be03388d1ae36ec0b784853c6,0x622911384e7973439b8be305f5e3Fc3c5736EDe4,v1(B),0x940181a94a35a4569e4529a3cdfb74e38fd98631,AERO,19019771511182066117182,7866.3199764938645,0x833589fcd6edb6e08f4c7c32d4f71b54bda02913,USDC,9296040904,9291.870022489225,17158.18999898309,0x2f48602,0xc541aa49db49ff908b2a2d7280b9f2ed8eafafadd5204e25fd1b61f5813e8eca,0x650c0b2434e73b74907dda47293191bfb46fa977,0xd7da103699cf09c759bf7cbd6c4d42db706ab542,0xd7da103699cf09c759bf7cbd6c4d42db706ab542
hyperevm,0x7a2ac5de895db2f6bf7af93bacdaeb0185d961b3,0xe22F9fc0f04486dE25ed6CF1800a4a47aFD82e0C,legacy(A),0x000000000000780555bd0bca3791f89f9542c2d6,KNTQ,109418552115453289072051,11799.473894635737,0xb88339cb7199b77e23db6e890353e22632ba630f,USDC,2554437089,2553.2909823364243,14352.764876972162,0x238dc02,0x04bdbbb3429077d1674404d098961a840ea4ccbcc1332da85519d433e7db4628,0xdeee56068b8c0bd31beef845dc63995ea6eb316b,,
base,0x687e3a99b97ab76d70a85f0ec38ff15a15d71860,0xe22F9fc0f04486dE25ed6CF1800a4a47aFD82e0C,legacy(A),0x4200000000000000000000000000000000000006,WETH,3431667847901997880,6439.871940445867,0x833589fcd6edb6e08f4c7c32d4f71b54bda02913,USDC,6128150472,6125.4009370352915,12565.272877481159,0x2f7b860,0x26e8548633b2e633295e82e427bf7c3cfae9f3d4ae1ce6bd8cba4ebe0db77f08,0x353d8e918d1753736c8330503c756af1b6099bab,,
bsc,0xd4d432ca80dc673d6c3ce49d120092496cf4d301,0xe22F9fc0f04486dE25ed6CF1800a4a47aFD82e0C,legacy(A),0xa9ee28c80f960b889dfbd1902055218cba016f75,NVDAon,42297129045095984621,9469.840010380385,0x55d398326f99059ff775485246999027b3197955,USDT,2785311211593133979925,2783.7955106632794,12253.635521043665,0x69f1afc,0x9f91fc92ddb0582d505c44fa92d6b489b1dcdb6ce8d1a54c099ab276a7815517,0x7f110e80761a61ddae99a54be881b3a54fd63f76,,
base,0xd82531eed3e9193bd40e7e561305fab062dcd715,0xe22F9fc0f04486dE25ed6CF1800a4a47aFD82e0C,legacy(A),0x0c1c1c109fe34733fca54b82d7b46b75cfb71f6e,CHIP,167438108060605935950487,3894.375841852565,0x833589fcd6edb6e08f4c7c32d4f71b54bda02913,USDC,1992166481,1991.2726499134335,5885.648491765998,0x2b49927,0xb33daba9cbd671c23dba8eaa916b148c4ed4b7d4a5f3f9c16296b469dfd8ebf5,0xa8c5cc7fbd0f4f6deb5e5e1199f005fdd2eaab5b,,
bsc,0xc827e9586c36f597e8b1dadf38963c48740ff209,0xe22F9fc0f04486dE25ed6CF1800a4a47aFD82e0C,legacy(A),0x4ef9d3062c7f6eba4aae4990c5036598c6eff4ec,BABAB,15063579317231117479,1884.5278440548316,0x55d398326f99059ff775485246999027b3197955,USDT,3053080376664139367594,3051.4189620449865,4935.946806099818,0x6dcfec5,0x88a93bb70c349e71b3254cfbd2ecf6a93a02c83493080119b0daa4814d0476c1,0xf795705e783d19351ed63f720ab90a47f72718f7,,
bsc,0xded0b374084c841585dcaa323ef4b1a1351af27c,0xe22F9fc0f04486dE25ed6CF1800a4a47aFD82e0C,legacy(A),0xcdf2f3e0fa43c47a6662a91c9e4a7c5f69762699,MUB,2360750570633932185,2165.8925719763574,0x55d398326f99059ff775485246999027b3197955,USDT,119161349461322267222,119.0965046542395,2284.989076630597,0x6c86553,0x71682998862b2a891713c74744849dbef4cf2f43705383a138f68ad9275177f5,0x4730814dc7d0f539e08f85d61c5eedd7601170e6,,
base,0xcfa02ce497b5b6ae81b51884d4a526dc6a125c22,0x622911384e7973439b8be305f5e3Fc3c5736EDe4,v1(B),0x833589fcd6edb6e08f4c7c32d4f71b54bda02913,USDC,743741151,743.4074545105435,0x4200000000000000000000000000000000000006,WETH,820850621359422191,1540.4092464898315,2283.816701000375,0x2f52ad9,0xddabb003dcb9e0afd8969dcfaeb81af01f171bec16f97d58b75c10d9a81adabc,0xe730be0fbac4ebb7d96638bd052712610cb03999,0x5878c2780766c6ce23449c7e8d68aa29820f953f,0x5878c2780766c6ce23449c7e8d68aa29820f953f
bsc,0xc16650ab41da4823d5aad7aa40a2d6207b380e0c,0xe22F9fc0f04486dE25ed6CF1800a4a47aFD82e0C,legacy(A),0x992879cd8ce0c312d98648875b5a8d6d042cbf34,CRCLon,32125116939963590685,2281.0439283221144,0x55d398326f99059ff775485246999027b3197955,USDT,1796318334721491433,1.795340820482178,2282.8392691425965,0x6ad8cd6,0x0132e674d63a3087c44d825fa32eb5e9bb56c86b95de7522c4544b0075bf4d7e,0x7d9e84866fe6db6a267faa884f920d39e363d1f1,,
bsc,0x26bd3185d401640cbd7271dc452ec48a2308d91f,0xe22F9fc0f04486dE25ed6CF1800a4a47aFD82e0C,legacy(A),0x80f3d493ebce97e343c53d29a137942416b4ffc0,CRCLB,31963520434679618296,2267.936670046924,0x55d398326f99059ff775485246999027b3197955,USDT,6776226841800830117,6.772539378338122,2274.709209425262,0x6c861be,0x6196bcdb3bc922a832eb232badefd7b279a3cb8e30193ce52a1712d19624864b,0xc2fad5fa167aa1ebae934aa77ae7a26a5bdcfe9e,,
bsc,0x431336a7167c36d17c53e9c669af2c1f0de27cbc,0xe22F9fc0f04486dE25ed6CF1800a4a47aFD82e0C,legacy(A),0x1501ec83ffef405b4331cc4f73277a40fb0c627d,MRVLon,9072966708573475946,1988.0758079833633,0x55d398326f99059ff775485246999027b3197955,USDT,202498227122323848343,202.38803234413686,2190.4638403275003,0x6ad8e97,0x3e0e3eddd28b39beb21b5f3680239b3064d5d66cafb5b5d26562b962b2fe3b14,0x77dc05861f8ba5c0c50b730b1a14370f37bd692f,,
robinhood,0x94df2871cd9bbc863f28187ab8aeedee83a77b7c,0xe22F9fc0f04486dE25ed6CF1800a4a47aFD82e0C,legacy(A),0x0bd7d308f8e1639fab988df18a8011f41eacad73,WETH,573472520534535792,1076.0236505195649,0x5fc5360d0400a0fd4f2af552add042d716f1d168,USDG,1079372923,1079.1776267283278,2155.201277247893,0x132c015,0xb249fd125e3a4e709d9624d1dca81ab125966b92f3d3e277f69ba9a6d1fd7f05,0x0dbdb50ec1534c565b32bb2f5e89178a2c4689f5,,
bsc,0x973c2840675ec7eb3e1f63913409d81c04324a37,0xe22F9fc0f04486dE25ed6CF1800a4a47aFD82e0C,legacy(A),0x8b6acf6041a81567f012ff6a4c6d96d5818d74bf,MUon,2305187467696877912,2117.334774190003,0x55d398326f99059ff775485246999027b3197955,USDT,544304331581977827,0.5440081339513256,2117.878782323954,0x6ad8de1,0x82a01218939f48aa707713faf765396d1f1b6f1791ae49a255cbcfb7f46f7445,0x80ad1823fb7441c4f2025cef3c71f8525853221c,,
hyperevm,0xffb323c9ee784118b69c1a429cd698bc0026656c,0x622911384e7973439b8be305f5e3Fc3c5736EDe4,v1(B),0x5555555555555555555555555555555555555555,WHYPE,5872213070058314253,328.85459623004647,0xb88339cb7199b77e23db6e890353e22632ba630f,USDC,1775415869,1774.619288036295,2103.4738842663414,0x28a8e26,0x2128159a1fa2a41b09c425bb9067a653691dd10fbc9f02ccebb1d2c5aa970046,0x1a7371bdf94b410428d75d9bb7d1ef3703451a76,0xae58d399432abb59bc45de8c04a0d60cdd575e0c,0xae58d399432abb59bc45de8c04a0d60cdd575e0c
bsc,0xb8d050ac8fe1b5bacc71759db4be27840fd790b5,0xe22F9fc0f04486dE25ed6CF1800a4a47aFD82e0C,legacy(A),0x55d398326f99059ff775485246999027b3197955,USDT,957572112110887316297,957.0510238624043,0xbb4cdb9cbd36b01bd1cbaebf2de08d9173bc095c,WBNB,1880920403506440116,1145.9617072541828,2103.012731116587,0x6c32102,0xa90ee53697aa78a752ddc9e38cb07231436955d1d91cdf0c8192541e26a47026,0x98919925fda34cd5904417e024112e1d9ec52fc4,,
bsc,0x0605e29b092f82b3de5dac13ce984ac80c0c0780,0xe22F9fc0f04486dE25ed6CF1800a4a47aFD82e0C,legacy(A),0x431a3bee82e2ca41e49895cbece5bb0f76a89b7a,AAPLB,210850057897753882,63.761546398296574,0x55d398326f99059ff775485246999027b3197955,USDT,1976067771177975181489,1974.992441517949,2038.7539879162455,0x6d4a7f7,0xc46ac482592465babb3a7de41aa42f6f468cd28eeab2744775ff313864304a4b,0x09844bcd82eef4a4cbac532603730c40c7d7a7da,,
bsc,0x90d17fd07a729286ce5007eacddec6efb45e7259,0xe22F9fc0f04486dE25ed6CF1800a4a47aFD82e0C,legacy(A),0xca750ef65f295bbecd685abf54e82caf297bdb61,SKHYB,6102480111508463108,938.6540094736157,0x55d398326f99059ff775485246999027b3197955,USDT,157410156517640882781,157.3244976082848,1095.9785070819005,0x6d4a5e5,0xf33fa2c56ffc7941f9963f73364ac1599d4b2a61573702960995c6583eb8bd48,0x401c4886c966fe7dfc9aa3e6b17726b1ad3b04cc,,
bsc,0x030f27006eacd491f9f1113fdbddc7896d6b3d22,0xe22F9fc0f04486dE25ed6CF1800a4a47aFD82e0C,legacy(A),0x3ee4df61bd4f867e349beae8bfe07bc31b4850fb,SNDKB,806843783729819673,1089.174246674705,0x55d398326f99059ff775485246999027b3197955,USDT,3816930972470873912,3.814853888301577,1092.9891005630066,0x6d4a6f8,0x9e4a8e5673c27fbad9cbd019ebf7e31f67df93f3c838297cc23739a0055a69e1,0x37779af2fc3b155c7029f4292bf5543c84711264,,
bsc,0xf88adc07293dd847cec5c12677e66c53a78a781a,0xe22F9fc0f04486dE25ed6CF1800a4a47aFD82e0C,legacy(A),0x5b1910eaad6450e50f816082aa078c41f10c292f,TSLAB,2852900341379703717,933.4418967940423,0x55d398326f99059ff775485246999027b3197955,USDT,79692429900025072223,79.64906315177839,1013.0909599458207,0x6d4a48a,0x008731d67a7107de41ddcf1c1bca91e95d19c254c8018af6666b16166cced838,0x09ad5c0dd6dddd772cf7266b1e610820a63294e5,,
megaeth,0xe1d11fb2926210654b638b19b92135c9861008d3,0xe22F9fc0f04486dE25ed6CF1800a4a47aFD82e0C,legacy(A),0xfafddbb3fc7688494971a79cc65dca3ef82079e7,USDm,223085233176345233451,222.7198349297838,0x28b7e77f82b25b95953825f1e3ea0e36c1c29861,MEGA,1737028759557736101320,57.71209043034157,280.4319253601254,0xe154df,0x95b5523ff3bf6cdd58f569ce660ba279ca70d96647a4102c83533131934257ec,0xcb1ada4fda717c0b9ec14fb4969b7fa42bfe276e,,
bsc,0xdafabbb551fee658f7304c711fb9c2a096f49b3d,0xe22F9fc0f04486dE25ed6CF1800a4a47aFD82e0C,legacy(A),0x205812cdbed920aff76c6580abd681a46d11efc7,QQQB,117479077187966926,84.86652843281803,0x55d398326f99059ff775485246999027b3197955,USDT,90340134077618148750,90.29097309888992,175.15750153170796,0x6b38ec3,0xbc4be65c5e7d8b8840ec7028955a265aa4e6d0c4a01ec33340301a7e88b4eea3,0xa1b8fcc115eeb649d3ba4d787bf518ce84387850,,
base,0xd16cc7779543e6b8c00a05488ee29fac73989653,0xe22F9fc0f04486dE25ed6CF1800a4a47aFD82e0C,legacy(A),0x940181a94a35a4569e4529a3cdfb74e38fd98631,AERO,184440567265667549024,76.28212136537967,0x833589fcd6edb6e08f4c7c32d4f71b54bda02913,USDC,86662082,86.62319907346904,162.90532043884872,0x2d4db44,0x6a0bf957d32dccd9e61570235b40c34e542179f95621f2ca800db1c4ca778500,0x6ab8683644b4fdec99b309371ae9beefdae28567,,
base,0x600668566fc5e9d471a1a235937221e39ac0ed04,0x622911384e7973439b8be305f5e3Fc3c5736EDe4,v1(B),0x4200000000000000000000000000000000000006,WETH,19499296114790213,36.59240214196532,0x833589fcd6edb6e08f4c7c32d4f71b54bda02913,USDC,3146877,3.1454650816111367,39.73786722357646,0x2e73faa,0xd9438d6a8f8302b4ccf286ca4c9515851eab9e2eaf69f9d2481af7df99b17406,0x9429f56cec25fd2691ccef88d21f13aa93126f5a,0x8e7c816940afea0850b324a87b26e29f43d6b5c7,0xde0ae901fe81c82ce26d6cbdc671125e5fd8f8ae
bsc,0x942978f723e2522a8b7bea29800fc7922eed7103,0xe22F9fc0f04486dE25ed6CF1800a4a47aFD82e0C,legacy(A),0x205812cdbed920aff76c6580abd681a46d11efc7,QQQB,14756868274967613,10.660316807163051,0x55d398326f99059ff775485246999027b3197955,USDT,10651387549002115387,10.64559131411638,21.30590812127943,0x6bd2dfc,0x7a931aa6dbb1595ba47530748e605689ae52e0ed6d5432915660fdbdf1d7d024,0xba08290f98f67b1ecdd8e38ad73527a1c048fa49,,
bsc,0x1de28931e4e882956ffb157153781afcffd56005,0xe22F9fc0f04486dE25ed6CF1800a4a47aFD82e0C,legacy(A),0x55d398326f99059ff775485246999027b3197955,USDT,5287728880157254185,5.284851422318032,0xbe9d156892e55e7154bcd3cb0fea677f9d3103e1,SPCXB,48855968377532362,7.149603570406844,12.434454992724877,0x6c507c7,0x919ca986668833bc0b8bf1acbbf3b3645b22ddd168db63c1e902dad9aa65f94d,0x95682d7e36fe56973ac5136d97f719c0775a2538,,
bsc,0x0b3bd6afa7088f504ba2e52e37fc9be30333b1cb,0xe22F9fc0f04486dE25ed6CF1800a4a47aFD82e0C,legacy(A),0x55d398326f99059ff775485246999027b3197955,USDT,5016755901767838165,5.014025901057859,0x7138b48df7d98d7e3cc221bfe7192d0a178182d8,SPYB,6628399340109326,5.114442193308169,10.128468094366028,0x6c51890,0x712238b66307758935e9605dfed7c58350d1208dcda3adb7ce9afb08e6915ac1,0xdeb9497d788dafcf7599539fb151f78b8bb3ccd6,,
base,0x770004fe4411e42ea51a7fcaca32b267d791f3d4,0xe22F9fc0f04486dE25ed6CF1800a4a47aFD82e0C,legacy(A),0x4200000000000000000000000000000000000006,WETH,4647085040622909,8.72072528122712,0x833589fcd6edb6e08f4c7c32d4f71b54bda02913,USDC,778780,0.7784305825290029,9.499155863756123,0x2b0978b,0xe9e5ff313a7bd1b9138e37c16909adfb81d517a49603a674172241d40e5e68e5,0xa2d16f67e69625fcaa5b7bd394de7fa790802764,,
ethereum,0x4d584faff9cd936e5d97fd05b3d0fccfe39c5082,0xe22F9fc0f04486dE25ed6CF1800a4a47aFD82e0C,legacy(A),0x8292bb45bf1ee4d140127049757c2e0ff06317ed,RLUSD,4496611717285485656,4.497051817658815,0xa0b86991c6218b36c1d19d4a2e9eb0ce3606eb48,USDC,4659841,4.657750255685214,9.15480207334403,0x182c569,0xe583f0d6584b702b9b7ff1ca6e5ac8294fb86976e72e7c6cddb47b7f5d7f6ba4,0x68f7fa5292df1db20bc5dec3bce33a861e68985f,,
robinhood,0xc177a718027f8e9243937c897d6d7dd2104dc444,0x622911384e7973439b8be305f5e3Fc3c5736EDe4,v1(B),0x0bd7d308f8e1639fab988df18a8011f41eacad73,WETH,1012107165541491,1.8990469603806932,0x5fc5360d0400a0fd4f2af552add042d716f1d168,USDG,870242,0.8700845428186764,2.7691315031993695,0xfc96b9,0x091e91a7811ac718a8e126c9d56470114bc0f9d33def3bdb195b2f03d47631a4,0x42743092ea9a87857a4795201a6d2f022cb1b163,0xde0ae901fe81c82ce26d6cbdc671125e5fd8f8ae,0xde0ae901fe81c82ce26d6cbdc671125e5fd8f8ae
robinhood,0x5f5a69da5e22a4956a8316c62d578fc7e99ce967,0xe22F9fc0f04486dE25ed6CF1800a4a47aFD82e0C,legacy(A),0x0bd7d308f8e1639fab988df18a8011f41eacad73,WETH,390728679859,0.0007331359139452475,0x5fc5360d0400a0fd4f2af552add042d716f1d168,USDG,1999729,1.9993671791596466,2.000100315073592,0x95df28,0x12f25145d5ae037dccb54f7c01626b912ec9386d3eb7819efa0d22ab1ca023e5,0x9b33bce2fd348b38deaf541cfb77eff9f4448669,,
base,0xe57e148649a0cda5104bc489e6369852f5f7e08d,0x622911384e7973439b8be305f5e3Fc3c5736EDe4,v1(B),0x4200000000000000000000000000000000000006,WETH,651094016788313,1.2218438016577502,0x833589fcd6edb6e08f4c7c32d4f71b54bda02913,USDC,761704,0.7613622440672226,1.9832060457249727,0x2ec19e6,0x1a912ef3c3a6fbfcbd8bb5abf04034bfa59c97c73384da731912fb179b7c4c2e,0x9429f56cec25fd2691ccef88d21f13aa93126f5a,0x791a1c44b947d6f111ef598adea9f9f239b52fa3,0x791a1c44b947d6f111ef598adea9f9f239b52fa3
base,0x0982a9107120f98a00346a44637079214c1c5035,0xe22F9fc0f04486dE25ed6CF1800a4a47aFD82e0C,legacy(A),0x9c5c365e764829876243d0b289733b9d2b729685,deSPXA,406909091672603,0.3152267371778419,0x833589fcd6edb6e08f4c7c32d4f71b54bda02913,USDC,428715,0.4285226472032172,0.7437493843810591,0x2b6d399,0xa54906f390552b36e02aa5bda4e7ce91695e41f9521fab60673413847c94282e,0x6bd414510f6731b5ac848f22a77ac5de3b814efe,,
bsc,0x502fe8d6190c5af85c114adfc18fab46e687c6e1,0xe22F9fc0f04486dE25ed6CF1800a4a47aFD82e0C,legacy(A),0x2170ed0880ac9a755fd29b2688956bd959f933f8,WETH,175730495523253,0.33043247082034954,0x55d398326f99059ff775485246999027b3197955,USDT,318940102448620046,0.3187665427372897,0.6491990135576393,0x6c53cf2,0xfe6351ca321de318e0637ffa8d783233a312b7866a5cbd369c9b3ffee35e57d7,0x3a2150a16c0071a59f1f6c6b02d4f185f37beb37,,
bsc,0xb15c9471c85991676fa97391f38c9df3aa0b0ed0,0xe22F9fc0f04486dE25ed6CF1800a4a47aFD82e0C,legacy(A),0x55d398326f99059ff775485246999027b3197955,USDT,84106757674568547,0.08406098875284669,0xbb4cdb9cbd36b01bd1cbaebf2de08d9173bc095c,WBNB,144035312625256,0.08775435284407725,0.17181534159692394,0x6c4dee7,0xc51575418d85465a6c54724ce70f0b9afe101011d92a8d248911f763defe7191,0x60242087baadc363d38695c8b6e2abed90f80b1b,,
hyperevm,0x94859a3b862bdf321ad2afa6fe0c096ff0b29962,0xe22F9fc0f04486dE25ed6CF1800a4a47aFD82e0C,legacy(A),0x5555555555555555555555555555555555555555,WHYPE,764770796173179,0.042828553457370445,0xb88339cb7199b77e23db6e890353e22632ba630f,USDC,45750,0.04572947321541627,0.08855802667278671,0x241273c,0x6f331b748bb5545eee0c23d8915ffe47db8da6de9046f4dd92856543ffa1aa36,0xb77cb01e40dac0d71c2f6e7d933b9d7d381e8a13,,
base,0x67854bd4434dac6640dd0d8306367c6ce9cb3e3c,0x622911384e7973439b8be305f5e3Fc3c5736EDe4,v1(B),0xcbb7c0000ab88b473b1f5afd9ef808440eed33bf,cbBTC,125,0.0792205869858813,0x833589fcd6edb6e08f4c7c32d4f71b54bda02913,USDC,50,4.99775663556462e-05,0.07927056455223695,0x2ea7d39,0xe2a7733ee57ceb5476a05857736a7b81e5b05ca2ec2851d9a52082b072db418e,0xffa93e1c5566bdf7eb8b68b22fe25bb889ed3fb9,0x78cbfc4fac62439cfb74514112c742f8d990e316,0x78cbfc4fac62439cfb74514112c742f8d990e316
ethereum,0x76d7c24374aef4a36ee9a3a8c49339ccc84d0743,0xe22F9fc0f04486dE25ed6CF1800a4a47aFD82e0C,legacy(A),0xc02aaa39b223fe8d0a0e5c4f27ead9083c756cc2,WETH,24459973853746,0.0459016158516274,0xa0b86991c6218b36c1d19d4a2e9eb0ce3606eb48,USDC,705,0.0007046836856146114,0.04660629953724201,0x17a52b2,0x0a21892d5f1a730e8a014e4e9f6b1fea79bb066e37422c32831e094bbf164034,0xfbcb3fa5d6cd886df9f1be00de748303515f49af,,
ethereum,0xaaf28b47ee6bae507f308dcda0ef066da98a0c87,0xe22F9fc0f04486dE25ed6CF1800a4a47aFD82e0C,legacy(A),0x6c3ea9036406852006290770bedfcaba0e23a0e8,PYUSD,6,5.998932966266265e-06,0xa0b86991c6218b36c1d19d4a2e9eb0ce3606eb48,USDC,17012,0.017004367176845062,0.01701036610981133,0x1888cc6,0xb9d79b441273f8972087ac6bcbea0db62c73bac59e494b589d5572ef5a3a43a4,0x41aadf53be066b77b9ac31e73e3f62980d254191,,
ethereum,0x62081197d6f349ab6927fc7f7f802adfa4f9bfaa,0xe22F9fc0f04486dE25ed6CF1800a4a47aFD82e0C,legacy(A),0x6c3ea9036406852006290770bedfcaba0e23a0e8,PYUSD,2,1.9996443220887546e-06,0xa0b86991c6218b36c1d19d4a2e9eb0ce3606eb48,USDC,8401,0.008397230699075674,0.008399230343397764,0x188c17c,0xf62ba09b27aec3ae2bfc3fbe3f70c72676e2ed640be019892d4b644b166a7a49,0x41aadf53be066b77b9ac31e73e3f62980d254191,,
base,0xc5eb1e79a3bcb95257d9b8c53de05061c1b896c4,0x622911384e7973439b8be305f5e3Fc3c5736EDe4,v1(B),0xcbb7c0000ab88b473b1f5afd9ef808440eed33bf,cbBTC,7,0.004436352871209352,0x833589fcd6edb6e08f4c7c32d4f71b54bda02913,USDC,2,1.999102654225848e-06,0.004438351973863578,0x2ea7d37,0xc434d0d2e279b4ec74c8b22ee8ebe8ef4aac87ca0ee9b3f0a52f113bd48d0132,0x8225c8e68f13e0501a1d31956814d70882a56f54,0x78cbfc4fac62439cfb74514112c742f8d990e316,0x78cbfc4fac62439cfb74514112c742f8d990e316
base,0xb691631c7da7cd39651a769081a5198ee4a916ab,0x622911384e7973439b8be305f5e3Fc3c5736EDe4,v1(B),0x4200000000000000000000000000000000000006,WETH,0,0.0,0x833589fcd6edb6e08f4c7c32d4f71b54bda02913,USDC,2282,0.0022809761284716926,0.0022809761284716926,0x2f4fcd5,0x93b4940afed96557f89533aa243cb3d439f8aa2174a98a515fed92a67898382a,0xb080a9f476ebaf3428120e0ed74fbafbecc963f9,0xae58d399432abb59bc45de8c04a0d60cdd575e0c,0xae58d399432abb59bc45de8c04a0d60cdd575e0c
arbitrum,0xdbe9a88c7d9702339657bc7baf90f8c0ecfe93ee,0xe22F9fc0f04486dE25ed6CF1800a4a47aFD82e0C,legacy(A),0x82af49447d8a07e3bd95bd0d56f35241523fbab1,WETH,0,0.0,0xaf88d065e77c8cc2239327c5edb3a432268e5831,USDC,65,6.497083626234005e-05,6.497083626234005e-05,0x1a157bae,0x829130c33ede4abb7ab23bb6f9aea7c587fc6a7059b4842518182a28a116ce40,0xef3690cbb1217410833f093ce56f7a1603787cad,,
base,0xcc4a14bcdd71a7c333246d32cecd1fa587f23d6f,0x622911384e7973439b8be305f5e3Fc3c5736EDe4,v1(B),0x0b3e328455c4059eeb9e3f84b5543f74e24e7e1b,VIRTUAL,0,0.0,0x833589fcd6edb6e08f4c7c32d4f71b54bda02913,USDC,33,3.298519379472649e-05,3.298519379472649e-05,0x2f378f3,0x11d5f90bdf7ad7779cb20493b7ce60f654ee4c43f6d31b51e3f639143b621c51,0xd302ee23cd451fa753125d2350b5ebaa744091df,0xae58d399432abb59bc45de8c04a0d60cdd575e0c,0xae58d399432abb59bc45de8c04a0d60cdd575e0c
base,0x8a23d35eef666ad8b8d7f2eef97ea6cbecaf0aca,0x622911384e7973439b8be305f5e3Fc3c5736EDe4,v1(B),0x940181a94a35a4569e4529a3cdfb74e38fd98631,AERO,0,0.0,0x833589fcd6edb6e08f4c7c32d4f71b54bda02913,USDC,31,3.098609114050064e-05,3.098609114050064e-05,0x2f2a3bb,0x8d83f87a23dde55f38639b64111b017f6836b84587ad1be9614c63aa64763d3c,0x0fa780ff3469ca864aeb3262577643a7adf7e619,0x5878c2780766c6ce23449c7e8d68aa29820f953f,0x5878c2780766c6ce23449c7e8d68aa29820f953f
base,0xecd8a5a6ee5c261e989ba2ed33e990a5e54de596,0x622911384e7973439b8be305f5e3Fc3c5736EDe4,v1(B),0x940181a94a35a4569e4529a3cdfb74e38fd98631,AERO,0,0.0,0x833589fcd6edb6e08f4c7c32d4f71b54bda02913,USDC,13,1.299416725246801e-05,1.299416725246801e-05,0x2f35dd3,0xd2369f0824c14b7e7fb0db2a54b17afad1bc2b05527d3bc6dced4e5f1dbe40ce,0x2a0951ffbb17d419d3cff1278f33710088ec85df,0x5878c2780766c6ce23449c7e8d68aa29820f953f,0x5878c2780766c6ce23449c7e8d68aa29820f953f
base,0xfd6b7ae0b0911767ffad9314b2dc92c83550884b,0x622911384e7973439b8be305f5e3Fc3c5736EDe4,v1(B),0x940181a94a35a4569e4529a3cdfb74e38fd98631,AERO,0,0.0,0x833589fcd6edb6e08f4c7c32d4f71b54bda02913,USDC,10,9.995513271129241e-06,9.995513271129241e-06,0x2f3a505,0xdee47389acf86207fb17cb0ebcd2e64e03e30904f860ce58aa2e4428f1f9a8f8,0x2a0951ffbb17d419d3cff1278f33710088ec85df,0x5878c2780766c6ce23449c7e8d68aa29820f953f,0x5878c2780766c6ce23449c7e8d68aa29820f953f
base,0x5b17f8c49482f64be86b3d6053a791fddc0d2f5f,0x622911384e7973439b8be305f5e3Fc3c5736EDe4,v1(B),0x4200000000000000000000000000000000000006,WETH,0,0.0,0x833589fcd6edb6e08f4c7c32d4f71b54bda02913,USDC,9,8.995961944016315e-06,8.995961944016315e-06,0x2ee6277,0x8c0a70b8fab762091a1515140fa58579cdf2dd6619f6e4c1ceb2dc0d54151771,0x9429f56cec25fd2691ccef88d21f13aa93126f5a,0xc16271ef8ef9d673cdf6ad93c74481a6c8e41ca2,0xc16271ef8ef9d673cdf6ad93c74481a6c8e41ca2
base,0xda9755140cf1920bfecad028f049d1c7458cb36c,0x622911384e7973439b8be305f5e3Fc3c5736EDe4,v1(B),0x940181a94a35a4569e4529a3cdfb74e38fd98631,AERO,0,0.0,0x833589fcd6edb6e08f4c7c32d4f71b54bda02913,USDC,6,5.997307962677543e-06,5.997307962677543e-06,0x2f39e23,0x9e4c208e1d6a12a7c9c34c564e6b768253425dff30c7300d257b5122e2b7fdc6,0x2a0951ffbb17d419d3cff1278f33710088ec85df,0x5878c2780766c6ce23449c7e8d68aa29820f953f,0x5878c2780766c6ce23449c7e8d68aa29820f953f
base,0x57588e4b8eda46ce39ac2f023c9e4fe48deddb00,0x622911384e7973439b8be305f5e3Fc3c5736EDe4,v1(B),0x940181a94a35a4569e4529a3cdfb74e38fd98631,AERO,0,0.0,0x833589fcd6edb6e08f4c7c32d4f71b54bda02913,USDC,5,4.9977566355646205e-06,4.9977566355646205e-06,0x2f44937,0x346f7b99550050af340a9031f68a9a2194e99771d8c131173f562f42fb62d6bc,0x2a0951ffbb17d419d3cff1278f33710088ec85df,0x5878c2780766c6ce23449c7e8d68aa29820f953f,0x5878c2780766c6ce23449c7e8d68aa29820f953f
base,0xf0965bcbc94a24d4ffb177d2c66836f15d0e0041,0x622911384e7973439b8be305f5e3Fc3c5736EDe4,v1(B),0x940181a94a35a4569e4529a3cdfb74e38fd98631,AERO,0,0.0,0x833589fcd6edb6e08f4c7c32d4f71b54bda02913,USDC,4,3.998205308451696e-06,3.998205308451696e-06,0x2f3a46a,0x0281e3c17f8a425b2debfbec334eea4356f1eccdabdbc37c4aee8a7cd5462701,0x2a0951ffbb17d419d3cff1278f33710088ec85df,0x5878c2780766c6ce23449c7e8d68aa29820f953f,0x5878c2780766c6ce23449c7e8d68aa29820f953f
ethereum,0x643d17240b414f47637ed8850332aee76b719041,0xe22F9fc0f04486dE25ed6CF1800a4a47aFD82e0C,legacy(A),0xc02aaa39b223fe8d0a0e5c4f27ead9083c756cc2,WETH,0,0.0,0xa0b86991c6218b36c1d19d4a2e9eb0ce3606eb48,USDC,1,9.99551327112924e-07,9.99551327112924e-07,0x177ccff,0xc4057cf4936d1356fae43a95dce93e85431332b85ac75e1c19298c8767d0cabb,0xaa514c7b7f6f5415474b6594db7b687e8b05df4f,,
ethereum,0x2602098d315689b02a55069b2442015e7cbc48dd,0xe22F9fc0f04486dE25ed6CF1800a4a47aFD82e0C,legacy(A),0xc02aaa39b223fe8d0a0e5c4f27ead9083c756cc2,WETH,0,0.0,0xa0b86991c6218b36c1d19d4a2e9eb0ce3606eb48,USDC,1,9.99551327112924e-07,9.99551327112924e-07,0x179cc9d,0x560c7a5118d989bc837054189df8ad5ee43d971b10ddcd8a56900488ff93ca15,0x9e6bea300565ca128fee8f8b291d2ae275c8e745,,
base,0x975db2d0d09a1584d345a2bf24f3f09d191bb53d,0xe22F9fc0f04486dE25ed6CF1800a4a47aFD82e0C,legacy(A),0x4200000000000000000000000000000000000006,WETH,0,0.0,0x833589fcd6edb6e08f4c7c32d4f71b54bda02913,USDC,1,9.99551327112924e-07,9.99551327112924e-07,0x28f899f,0x6bf1217c8e438a01cf4e3d3590d3674a52ed1286b15a7ea4e3a2a7680f3c3757,0xac8aaa01e2272195386235e794184768e0b9a20b,,
ethereum,0x6155cea686e7fc3b23e6bb70e1e07e3ebfd1746a,0x622911384e7973439b8be305f5e3Fc3c5736EDe4,v1(B),0xc02aaa39b223fe8d0a0e5c4f27ead9083c756cc2,WETH,0,0.0,0xa0b86991c6218b36c1d19d4a2e9eb0ce3606eb48,USDC,1,9.99551327112924e-07,9.99551327112924e-07,0x187a6ed,0x9075ec1ad05da3c0768d333ef3d0d86e3f4cac57826dabafb13e64040e98f310,0xbc5862edc9f1825b6e0b16bf352b2dbffe74a938,0x05af07e7fedc42999eb00c666d1a6c76c0806f0f,0xde0ae901fe81c82ce26d6cbdc671125e5fd8f8ae
base,0x6b7482515e47c206c96005f6c5f48817cc09a5c6,0x622911384e7973439b8be305f5e3Fc3c5736EDe4,v1(B),0x940181a94a35a4569e4529a3cdfb74e38fd98631,AERO,0,0.0,0x833589fcd6edb6e08f4c7c32d4f71b54bda02913,USDC,1,9.99551327112924e-07,9.99551327112924e-07,0x2f3a5e6,0x48a7d98b7fc5fde331cd0e7eb89c77bfefbae1c62dbc33fd0222927aaa211b45,0x2a0951ffbb17d419d3cff1278f33710088ec85df,0x5878c2780766c6ce23449c7e8d68aa29820f953f,0x5878c2780766c6ce23449c7e8d68aa29820f953f
ethereum,0x0e5872eaf2e13d6a82fd796628e0aa891ee4ea97,0xe22F9fc0f04486dE25ed6CF1800a4a47aFD82e0C,legacy(A),0xae7ab96520de3a18e5e111b5eaab095312d7fe84,stETH,1,1.874948979716632e-15,0xc02aaa39b223fe8d0a0e5c4f27ead9083c756cc2,WETH,0,0.0,1.874948979716632e-15,0x1793d66,0xfc55564fd96c9042fb88346a185bfa43c6270bfb579c31b7814a9d606c2ad349,0xfa3bd344228fb6b87ea32f263080b9294488f6c2,,
ethereum,0xa821eceeccbed4ffd74020dcda21d68e03a86d33,0xe22F9fc0f04486dE25ed6CF1800a4a47aFD82e0C,legacy(A),0xae7ab96520de3a18e5e111b5eaab095312d7fe84,stETH,1,1.874948979716632e-15,0xc02aaa39b223fe8d0a0e5c4f27ead9083c756cc2,WETH,0,0.0,1.874948979716632e-15,0x17a8689,0x31280a5752eb306f38c1b7bcee055b3d0f99b18d6b4b31c35a44bf91c027c286,0x38f923a80bda1e71e0d4a052419d7a5163c04ff0,,
ethereum,0x8cfd1c11f29b6a4257e39cdea4c16b2f3c04d64e,0xe22F9fc0f04486dE25ed6CF1800a4a47aFD82e0C,legacy(A),0xc02aaa39b223fe8d0a0e5c4f27ead9083c756cc2,WETH,0,0.0,0xa0b86991c6218b36c1d19d4a2e9eb0ce3606eb48,USDC,0,0.0,0,0x1762a65,0x814cc368beb6071b23f270fc6a45008c49afa80cfdfb140ed34448ee92218452,0xcb632f53b887c6d020319bf823f11d8f26627648,,
ethereum,0x3221901709f01737a601f9f02a01df6b13b2a6ff,0xe22F9fc0f04486dE25ed6CF1800a4a47aFD82e0C,legacy(A),0xc02aaa39b223fe8d0a0e5c4f27ead9083c756cc2,WETH,0,0.0,0xa0b86991c6218b36c1d19d4a2e9eb0ce3606eb48,USDC,0,0.0,0,0x1763db0,0xb620b4cbce571982d60ff83b62e9e9b989d2717cf1c09f5d38c3fd37d38c9328,0xeff29331957c2e58a9857f517912f678060cd884,,
ethereum,0x3d59b44000f7e5521d36713ead18aa94a59827d2,0xe22F9fc0f04486dE25ed6CF1800a4a47aFD82e0C,legacy(A),0xc02aaa39b223fe8d0a0e5c4f27ead9083c756cc2,WETH,0,0.0,0xa0b86991c6218b36c1d19d4a2e9eb0ce3606eb48,USDC,0,0.0,0,0x1775833,0xf98ca11376d19dcf633bc739013577b9e98741372d39bd910f2164c627e27aaa,0x167b7ef6d672b7769f71261beb505039aeed1d76,,
ethereum,0x2dda3933dfd6d5fd3de90ea3c3a81a4a72eced8c,0xe22F9fc0f04486dE25ed6CF1800a4a47aFD82e0C,legacy(A),0x2260fac5e5542a773aa44fbcfedf7c193bc2c599,WBTC,0,0.0,0xa0b86991c6218b36c1d19d4a2e9eb0ce3606eb48,USDC,0,0.0,0,0x1778e56,0x4292fb1b8cf57e18e485c427876f89967c0bdf846a7bbcb8f05d16821ee7931c,0x83c096a2e57801f530f094e610af3355eb7fa210,,
ethereum,0x871e45f2f430f28073abebbc6b2e216bdd7bafe1,0xe22F9fc0f04486dE25ed6CF1800a4a47aFD82e0C,legacy(A),0xc02aaa39b223fe8d0a0e5c4f27ead9083c756cc2,WETH,0,0.0,0xa0b86991c6218b36c1d19d4a2e9eb0ce3606eb48,USDC,0,0.0,0,0x177c08f,0x7cd494572486e00e9bfdc373b3abc9a5fc57624279002fda7b9dd25bac4db066,0xeff29331957c2e58a9857f517912f678060cd884,,
ethereum,0x7abc73dc793400f079c5c920a716de2315e6ca82,0xe22F9fc0f04486dE25ed6CF1800a4a47aFD82e0C,legacy(A),0x2260fac5e5542a773aa44fbcfedf7c193bc2c599,WBTC,0,0.0,0xa0b86991c6218b36c1d19d4a2e9eb0ce3606eb48,USDC,0,0.0,0,0x177cc19,0x1689d5659a9f124ff0c2039d9b11328abc16a77283e20710f0478eb6beec7f15,0x70779707211d1b3a2b846d51922c9ceec4cebd8e,,
ethereum,0x25d36eee8bfd80ec241cd9e6b29a3dbb12813eed,0xe22F9fc0f04486dE25ed6CF1800a4a47aFD82e0C,legacy(A),0x45804880de22913dafe09f4980848ece6ecbaf78,PAXG,0,0.0,0xdac17f958d2ee523a2206206994597c13d831ec7,USDT,0,0.0,0,0x177cda0,0x0b70e3673b97eb4b107a0d74feb3f32b836d1873db1a1e3cdb66f4d839c3507b,0x73bcb147e9d1d8c7bf96c36dc2d47806fb1e0338,,
ethereum,0xf41e8954ec995d6daedcb86fef2a6ab8cbf67d72,0xe22F9fc0f04486dE25ed6CF1800a4a47aFD82e0C,legacy(A),0x68749665ff8d2d112fa859aa293f07a622782f38,xaut,0,0.0,0xdac17f958d2ee523a2206206994597c13d831ec7,USDT,0,0.0,0,0x177cdb2,0x830436c90e9867fe8716579cacfdaf5b12f6f732f588e9beb147bfc585de87d0,0x2a97fe53b6bd2f14437b404fbab2f65d3d914983,,
ethereum,0x3d8b5c7001223974b8d3c38ad3d4b1a115d54345,0xe22F9fc0f04486dE25ed6CF1800a4a47aFD82e0C,legacy(A),0x68749665ff8d2d112fa859aa293f07a622782f38,xaut,0,0.0,0xdac17f958d2ee523a2206206994597c13d831ec7,USDT,0,0.0,0,0x177ce4d,0x5f7fffff2c49e96cb3d13efaae63eaeea563aa3511b92d5e7855e307ed33b7a6,0x2a97fe53b6bd2f14437b404fbab2f65d3d914983,,
ethereum,0x9c9fd348505a7202fd819d8cb5003248d920d279,0xe22F9fc0f04486dE25ed6CF1800a4a47aFD82e0C,legacy(A),0xdac17f958d2ee523a2206206994597c13d831ec7,USDT,0,0.0,0xa0b86991c6218b36c1d19d4a2e9eb0ce3606eb48,USDC,0,0.0,0,0x178ab78,0xddfceb3ed2ddc016cde8e0f5f8311a8dbc206a7d686ec00e939b16f2ca80d8e8,0xd3713323bb974f274623ebf014479a2c584b0210,,
ethereum,0xc772a8eee1fda72a45385e56f372c430b66674bd,0xe22F9fc0f04486dE25ed6CF1800a4a47aFD82e0C,legacy(A),0x6c3ea9036406852006290770bedfcaba0e23a0e8,PYUSD,0,0.0,0xdac17f958d2ee523a2206206994597c13d831ec7,USDT,0,0.0,0,0x179a51d,0xf3717bfa19d26b003dd783daae3189245bf211bad3f9cc7e8b7896a08c0567ec,0xd3713323bb974f274623ebf014479a2c584b0210,,
ethereum,0xa8378183582cc52372d4c404761e63607b1bb9a4,0xe22F9fc0f04486dE25ed6CF1800a4a47aFD82e0C,legacy(A),0x6c3ea9036406852006290770bedfcaba0e23a0e8,PYUSD,0,0.0,0xdac17f958d2ee523a2206206994597c13d831ec7,USDT,0,0.0,0,0x179a539,0x4643e26ed40687caf5d91f2ab27e5df18bf1dee5292e48f8c427453ff79c9a4c,0xfa3bd344228fb6b87ea32f263080b9294488f6c2,,
ethereum,0xea79ed5bd511913cde3b85b5bab4b26569fcbb45,0xe22F9fc0f04486dE25ed6CF1800a4a47aFD82e0C,legacy(A),0x6c3ea9036406852006290770bedfcaba0e23a0e8,PYUSD,0,0.0,0xa0b86991c6218b36c1d19d4a2e9eb0ce3606eb48,USDC,0,0.0,0,0x179a5cd,0xfc9b90d9a4dc922f67faca05201d3fe328deb434ffabe58c7db28266f4e494b4,0x481cfc9949da96a9d9f5e2d2a191fc169ac337e9,,
ethereum,0x82fcbd1404307e86c891d3ced27addb37786885c,0xe22F9fc0f04486dE25ed6CF1800a4a47aFD82e0C,legacy(A),0xc02aaa39b223fe8d0a0e5c4f27ead9083c756cc2,WETH,0,0.0,0xa0b86991c6218b36c1d19d4a2e9eb0ce3606eb48,USDC,0,0.0,0,0x17a52aa,0xf4120b79474cbec9fc092122a2eaaa10185bb1b20eb56031b5a07be32d649965,0xfbcb3fa5d6cd886df9f1be00de748303515f49af,,
ethereum,0x14ba1b9a1771cc9e2230742ad8f31e9f8b15a19e,0xe22F9fc0f04486dE25ed6CF1800a4a47aFD82e0C,legacy(A),0x7f39c581f595b53c5cb19bd0b3f8da6c935e2ca0,wstETH,0,0.0,0xc02aaa39b223fe8d0a0e5c4f27ead9083c756cc2,WETH,0,0.0,0,0x17a58a2,0xf1a1554982f6bdbbd9599c0422b311bea138302a987beec7366a40515ecd6b1c,0xfd3fb0da349d85545f1f525830a42ae85d97975f,,
ethereum,0x0ceceed995e270bbb3507ff90e084ff5e3a0366c,0xe22F9fc0f04486dE25ed6CF1800a4a47aFD82e0C,legacy(A),0x7f39c581f595b53c5cb19bd0b3f8da6c935e2ca0,wstETH,0,0.0,0xc02aaa39b223fe8d0a0e5c4f27ead9083c756cc2,WETH,0,0.0,0,0x17a8930,0xb10d09b31173c029bb4497d3691b94e69089a8b028019d94938b2de601054aaf,0xb8cbe8de262ca88f98073fbf1bc8b83e12200780,,
ethereum,0xc84b9f05187a2ffb550eb1d0e53c93c4e169238d,0xe22F9fc0f04486dE25ed6CF1800a4a47aFD82e0C,legacy(A),0xa0b86991c6218b36c1d19d4a2e9eb0ce3606eb48,USDC,0,0.0,0x4c9edd5852cd905f086c759e8383e09bff1e68b3,USDe,0,0.0,0,0x17a8bc3,0x8a96e49970292c6e1f746b4340473d7e0ffb2caa5f07a4764ea2d328fc406847,0x9ad8e3dd5ecb4d393774c8ce42ccd649fe9e8720,,
ethereum,0xc88f270211616135289d51a9edcd538ae2b4c0bd,0xe22F9fc0f04486dE25ed6CF1800a4a47aFD82e0C,legacy(A),0xc02aaa39b223fe8d0a0e5c4f27ead9083c756cc2,WETH,0,0.0,0xa0b86991c6218b36c1d19d4a2e9eb0ce3606eb48,USDC,0,0.0,0,0x17ab906,0x02697d7514d9d0177fdf2ba8fc863e84bc30026eb7f9365b026cf09c5b8f5ca1,0x5217ecc8fb8a71863a80f0b5b74138a49b2c479d,,
ethereum,0x41879e063f86ca6ad74cf323bfa72729ae494207,0xe22F9fc0f04486dE25ed6CF1800a4a47aFD82e0C,legacy(A),0xa1290d69c65a6fe4df752f95823fae25cb99e5a7,rsETH,0,0.0,0xc02aaa39b223fe8d0a0e5c4f27ead9083c756cc2,WETH,0,0.0,0,0x17b1369,0x8a6a00322ffb2bf8e0634e6bb0e6cce0e97b0a9014d776e31a156df1bcf882d2,0xde34bc85c3aec0892dc8ff5221d9faf1b9997bbb,,
ethereum,0xe043eb182a09d5ab60ec73b4a9807d4a894434d2,0xe22F9fc0f04486dE25ed6CF1800a4a47aFD82e0C,legacy(A),0xa1290d69c65a6fe4df752f95823fae25cb99e5a7,rsETH,0,0.0,0xc02aaa39b223fe8d0a0e5c4f27ead9083c756cc2,WETH,0,0.0,0,0x17c14bf,0x9d75ac0e4db5750bf8d7575a3405a656d4fa8d052389215fc9005ee9db2befcc,0x8bd2d504ee0895daf32347e9f8c5d5d062547739,,
ethereum,0x54c9f366493501a90b0b2657265b2b7cb884c780,0xe22F9fc0f04486dE25ed6CF1800a4a47aFD82e0C,legacy(A),0xf280b16ef293d8e534e370794ef26bf312694126,ASTEROID,0,0.0,0xc02aaa39b223fe8d0a0e5c4f27ead9083c756cc2,WETH,0,0.0,0,0x17c15b0,0xdcbb1de70cbbeecaa4365756a88bebb37c14163b50032cd4d81352a0b64a6c9f,0x9039147a95ec60973e0ffba4fb8644bfa4ceee66,,
ethereum,0x40a5b0a389186725f7514b628240e74b1df1dabf,0xe22F9fc0f04486dE25ed6CF1800a4a47aFD82e0C,legacy(A),0xc02aaa39b223fe8d0a0e5c4f27ead9083c756cc2,WETH,0,0.0,0xf280b16ef293d8e534e370794ef26bf312694126,ASTEROID,0,0.0,0,0x17d1fd0,0xa53ae5cea926863b1e45434e389f78576fa4d8741d68ccbcb00bf38227657943,0x90a2fe5c8274124ccf8735cb6544fa6a8bb82ba6,,
ethereum,0x4c8c2d547e98606cc2895389dc71ef709e9af484,0xe22F9fc0f04486dE25ed6CF1800a4a47aFD82e0C,legacy(A),0xf280b16ef293d8e534e370794ef26bf312694126,ASTEROID,0,0.0,0xc02aaa39b223fe8d0a0e5c4f27ead9083c756cc2,WETH,0,0.0,0,0x17d200b,0x0d4f82e44ade6a61fdd1196b2dd3c38f91fdf9587f619474c0db5f402a6552b0,0x90a2fe5c8274124ccf8735cb6544fa6a8bb82ba6,,
ethereum,0x6228209be263d08ce8e8882c973de5a343be3127,0xe22F9fc0f04486dE25ed6CF1800a4a47aFD82e0C,legacy(A),0x4c9edd5852cd905f086c759e8383e09bff1e68b3,USDe,0,0.0,0xdac17f958d2ee523a2206206994597c13d831ec7,USDT,0,0.0,0,0x17d72c3,0xdb954a805af733eea8ff03e9ee3fead655a323fa0345693061cd50e0506b1800,0x31191e7a97268a2b7532a7e1f6114f3f5dfd665d,,
ethereum,0xf8d4abbb60a83604dd14d20a37c0e16cae773c29,0xe22F9fc0f04486dE25ed6CF1800a4a47aFD82e0C,legacy(A),0x4c9edd5852cd905f086c759e8383e09bff1e68b3,USDe,0,0.0,0xdac17f958d2ee523a2206206994597c13d831ec7,USDT,0,0.0,0,0x17d79b1,0x77fcbb84eff6832cdd2ed256a9b65a18842dac07d990cd1d99a608ae8c0c243f,0xd7a43751b6160c6d1cbe3415ecb99d6579468660,,
ethereum,0x5b273b63050900f240b3c9338758c7ff20fe1d3c,0xe22F9fc0f04486dE25ed6CF1800a4a47aFD82e0C,legacy(A),0xc02aaa39b223fe8d0a0e5c4f27ead9083c756cc2,WETH,0,0.0,0x829f4b62eebe12af653b4dd4ffc480966f7d7f09,sato,0,0.0,0,0x17dc2a9,0x356f037f4bd997304d540a6ee972815714fe510e4c7738fbdcfb19112f1b8661,0xd13322b3bd6d22101f68220a07309f2ac04daebd,,
ethereum,0x2e00da454ad644004c2ce4d9ed44298fa7921035,0xe22F9fc0f04486dE25ed6CF1800a4a47aFD82e0C,legacy(A),0xf280b16ef293d8e534e370794ef26bf312694126,ASTEROID,0,0.0,0xc02aaa39b223fe8d0a0e5c4f27ead9083c756cc2,WETH,0,0.0,0,0x17e11f7,0x41896f1354437b47ac972b6e2fe6f2b4771b38e7fd56acf73b1c865db3ce8426,0xecbcb8dd65d4fcb93ed24d9e91f3dba3b1e25799,,
ethereum,0xb74b4067e33e5ff02d38562e2434f25f0b278f2f,0xe22F9fc0f04486dE25ed6CF1800a4a47aFD82e0C,legacy(A),0x6c3ea9036406852006290770bedfcaba0e23a0e8,PYUSD,0,0.0,0xa0b86991c6218b36c1d19d4a2e9eb0ce3606eb48,USDC,0,0.0,0,0x17e1f8e,0x02cb70c29cad25423cff9e037e1be147512dcb6d9794f5ebb45ad6edb8cab27c,0x5093291c16f67191714f54723da99169a160ee72,,
ethereum,0x2b0bec2e57bcca9f70812877f6014ac862476d7a,0xe22F9fc0f04486dE25ed6CF1800a4a47aFD82e0C,legacy(A),0x2260fac5e5542a773aa44fbcfedf7c193bc2c599,WBTC,0,0.0,0xdac17f958d2ee523a2206206994597c13d831ec7,USDT,0,0.0,0,0x17e4a4c,0x9dcaeeae73b4cae0af8ab73c46e0ff9c0f0c801884f828b65be57398c112b8a3,0x47f48ab0084702a293cfea9af31fee14840c55c1,,
ethereum,0xf34adf7956c19b1de25dc2b3a51d3d2a265a1578,0xe22F9fc0f04486dE25ed6CF1800a4a47aFD82e0C,legacy(A),0x6c3ea9036406852006290770bedfcaba0e23a0e8,PYUSD,0,0.0,0xa0b86991c6218b36c1d19d4a2e9eb0ce3606eb48,USDC,0,0.0,0,0x17e966c,0x86cd58a4c8e3c8b46e9284032331e8305b480489a463af2fc352c603ac47bcb8,0xd832d786ea1ea1843faea9b948f10088eedb2c3b,,
ethereum,0x6118dae8ea7396e2e7b336fc97904c1b1fff85aa,0xe22F9fc0f04486dE25ed6CF1800a4a47aFD82e0C,legacy(A),0x4c9edd5852cd905f086c759e8383e09bff1e68b3,USDe,0,0.0,0xdac17f958d2ee523a2206206994597c13d831ec7,USDT,0,0.0,0,0x17e968f,0xd625d236c785dc864ac214464c681f93b898dfc1e023d04bd6d7a4caa43e3c91,0x3f7ce265d6de76510e1cbbe34da6774b0df4ab20,,
ethereum,0xf980ae230be4c72e65fe703a1002bbe68a519177,0xe22F9fc0f04486dE25ed6CF1800a4a47aFD82e0C,legacy(A),0x8292bb45bf1ee4d140127049757c2e0ff06317ed,RLUSD,0,0.0,0xa0b86991c6218b36c1d19d4a2e9eb0ce3606eb48,USDC,0,0.0,0,0x17ef419,0xa90ed74384716477bcbf43cbe44a3cba9ad5103ab5f2f941bef83208f5175f65,0xe707c4fbc49e5253b754b2642e1ee00b14b022f6,,
ethereum,0x2d033a36587e85b5555b912a92bfaa724121cfdd,0xe22F9fc0f04486dE25ed6CF1800a4a47aFD82e0C,legacy(A),0x6c3ea9036406852006290770bedfcaba0e23a0e8,PYUSD,0,0.0,0xa0b86991c6218b36c1d19d4a2e9eb0ce3606eb48,USDC,0,0.0,0,0x17f411f,0x1b1232895c3f1aaa50dc4a4ab5e2063b1a116a561329174c81f0923727e597e0,0x0a4f23d9ba29732702583d5ba510b75f835d824d,,
ethereum,0x798dae70bfafe3728a2f8db0a0bb1708e58d1c23,0xe22F9fc0f04486dE25ed6CF1800a4a47aFD82e0C,legacy(A),0x2260fac5e5542a773aa44fbcfedf7c193bc2c599,WBTC,0,0.0,0xa0b86991c6218b36c1d19d4a2e9eb0ce3606eb48,USDC,0,0.0,0,0x17f6164,0x7d424eed481eba906d0be1f680fb1729e80493611d45097beff07668e7fe4d3f,0x3fe394ba9fa4bacb4d736da15565b0dda0c078fe,,
ethereum,0x82e8791847ac357a3f31a518c0c080ac77c694a6,0xe22F9fc0f04486dE25ed6CF1800a4a47aFD82e0C,legacy(A),0xcbb7c0000ab88b473b1f5afd9ef808440eed33bf,cbBTC,0,0.0,0xa0b86991c6218b36c1d19d4a2e9eb0ce3606eb48,USDC,0,0.0,0,0x18089e2,0x17b41cea464066111cc2efa8d48e77ce28b86dccb13ded9218089c2ade6c4020,0xb9ed1f19d7028972c1f22c5535ce7306f0b3566f,,
ethereum,0xfa43da882d5b1017d7dcf8ed6bc4570c5c147532,0xe22F9fc0f04486dE25ed6CF1800a4a47aFD82e0C,legacy(A),0xcbb7c0000ab88b473b1f5afd9ef808440eed33bf,cbBTC,0,0.0,0x2260fac5e5542a773aa44fbcfedf7c193bc2c599,WBTC,0,0.0,0,0x18089e3,0xdae21a843f80d9f1815345920dfeccf69b5ebc4ffba0b0cc1a5d50c849089685,0x20cfd8e5bdb6af80e0c8eb6f0c4367c88e111d7a,,
ethereum,0x015f4524592e2d6fb83877e65c09dc7656ba0d3e,0xe22F9fc0f04486dE25ed6CF1800a4a47aFD82e0C,legacy(A),0x2260fac5e5542a773aa44fbcfedf7c193bc2c599,WBTC,0,0.0,0xa0b86991c6218b36c1d19d4a2e9eb0ce3606eb48,USDC,0,0.0,0,0x18089e4,0x77068b82161c34973d836e586985e6a7fbbaada4ade8f9c7c2e268bc8a7b0bf2,0x8616629ca97674089e6265a83176cf79ab96c62c,,
ethereum,0x62c7547e24087ec9a7d0303bf718f4f4767207f8,0xe22F9fc0f04486dE25ed6CF1800a4a47aFD82e0C,legacy(A),0xc02aaa39b223fe8d0a0e5c4f27ead9083c756cc2,WETH,0,0.0,0xcbb7c0000ab88b473b1f5afd9ef808440eed33bf,cbBTC,0,0.0,0,0x18089e5,0xe0190c456df2699efcdb631051f185daed62b857a040c1e3417c9c27457034e9,0x2dbc7b1b5b8e1a3d4e3aac1841fe7ce3551e1935,,
ethereum,0xe22e8864c26744f27c0c7c5b9df5044f6b31c065,0xe22F9fc0f04486dE25ed6CF1800a4a47aFD82e0C,legacy(A),0xc02aaa39b223fe8d0a0e5c4f27ead9083c756cc2,WETH,0,0.0,0xdac17f958d2ee523a2206206994597c13d831ec7,USDT,0,0.0,0,0x18089e7,0x36054fe7161d857e772cc5495e13e24f8a5c107e0319a676d42a23be3757248c,0xb9bdf83eadecf0edb57f419ee6b8e52df6222f28,,
ethereum,0x94af41c1668edae808feca236100178a0fd9003b,0xe22F9fc0f04486dE25ed6CF1800a4a47aFD82e0C,legacy(A),0xc02aaa39b223fe8d0a0e5c4f27ead9083c756cc2,WETH,0,0.0,0x2260fac5e5542a773aa44fbcfedf7c193bc2c599,WBTC,0,0.0,0,0x18089e8,0x3dd00b2eadb64f0189b56c9f2deaf44e03ff45d4ac3184e00b1224fe560ad3a9,0x0aa10e54e6461bb2cde0ee5ec0f7d08ea288bd1c,,
ethereum,0x2d88a8de097caf4eadcd567c140dcee17bbbf86d,0xe22F9fc0f04486dE25ed6CF1800a4a47aFD82e0C,legacy(A),0xcbb7c0000ab88b473b1f5afd9ef808440eed33bf,cbBTC,0,0.0,0xa0b86991c6218b36c1d19d4a2e9eb0ce3606eb48,USDC,0,0.0,0,0x181cae8,0xad995a8937a1d807470b6a2b0d41047ea482801a190d5bf14dd7a7820083441d,0x48867397ce809084e4e642685ba35d68f1ab46cf,,
ethereum,0xbb7ccb93194f4b4ff91de1d2a711218d0fd91519,0xe22F9fc0f04486dE25ed6CF1800a4a47aFD82e0C,legacy(A),0xcbb7c0000ab88b473b1f5afd9ef808440eed33bf,cbBTC,0,0.0,0x2260fac5e5542a773aa44fbcfedf7c193bc2c599,WBTC,0,0.0,0,0x181cae9,0x9d69860881ed98cfd8cb7529d4880e4bbe986690a6b4334b541e4278fdb272f9,0x9401a0af72c9d368c2cd85d2d4acc2a7f35daceb,,
ethereum,0x674b893656f1e6ff0ff007add53bac6fffdcadc0,0xe22F9fc0f04486dE25ed6CF1800a4a47aFD82e0C,legacy(A),0x2260fac5e5542a773aa44fbcfedf7c193bc2c599,WBTC,0,0.0,0xa0b86991c6218b36c1d19d4a2e9eb0ce3606eb48,USDC,0,0.0,0,0x181caea,0x38f42285bc5db653ca94879629c1d5aa7bf96215c6303b8ed098049d4bee2b49,0x4101ea4574a2c47205fd18c2aa4540edc0a39588,,
ethereum,0x1bf3f5090c3fba38774434852f8be8b5c6247f3a,0xe22F9fc0f04486dE25ed6CF1800a4a47aFD82e0C,legacy(A),0xc02aaa39b223fe8d0a0e5c4f27ead9083c756cc2,WETH,0,0.0,0xcbb7c0000ab88b473b1f5afd9ef808440eed33bf,cbBTC,0,0.0,0,0x181caeb,0xb73a2c80cb455a2a9b98f3f674b7420862c2830b6d71d450296b6874383a951a,0xca614be89097efd10255ffb0c4bfa7d28b57a80e,,
ethereum,0x92ce4e6cc84791d79f869b963e7234830fb1b4c1,0xe22F9fc0f04486dE25ed6CF1800a4a47aFD82e0C,legacy(A),0xc02aaa39b223fe8d0a0e5c4f27ead9083c756cc2,WETH,0,0.0,0xa0b86991c6218b36c1d19d4a2e9eb0ce3606eb48,USDC,0,0.0,0,0x181caec,0x38ca72c9b0e587d426e6f0b49a7963e60429520e5ba56de992b9b88c2c2bb79d,0x5113343b411d64090125f1d3258bc9f821edb613,,
ethereum,0x48fa379cc43fe0a093b08e3a9f0718d228de2393,0xe22F9fc0f04486dE25ed6CF1800a4a47aFD82e0C,legacy(A),0xc02aaa39b223fe8d0a0e5c4f27ead9083c756cc2,WETH,0,0.0,0xdac17f958d2ee523a2206206994597c13d831ec7,USDT,0,0.0,0,0x181caed,0xf5247739fba1ef8c9bce05a05337d40824b14c747e9be3f7731ee5bd51f57f7d,0xde13dfeb1c8eac25fc1e60aba45edeb5b3821f51,,
ethereum,0xb0e6a7ba75c3e2268ac31f1e5c6c63d9191a9cf8,0xe22F9fc0f04486dE25ed6CF1800a4a47aFD82e0C,legacy(A),0xc02aaa39b223fe8d0a0e5c4f27ead9083c756cc2,WETH,0,0.0,0x2260fac5e5542a773aa44fbcfedf7c193bc2c599,WBTC,0,0.0,0,0x181caee,0x8c948e7e7b0e79d679a908857e8efd8d9cf2e9be8a33e254ed845b80450ac09c,0xd9413882c8c45898b64d4d2d76a32dd68190b5ab,,
ethereum,0x8499f7bf12d52e4d921473dfcbd95c001752437f,0xe22F9fc0f04486dE25ed6CF1800a4a47aFD82e0C,legacy(A),0x4c9edd5852cd905f086c759e8383e09bff1e68b3,USDe,0,0.0,0xdac17f958d2ee523a2206206994597c13d831ec7,USDT,0,0.0,0,0x1829c67,0xc34ddb4abd83ee98103e6598a6756bd9e062052faf8eed0230b892907daebdde,0xd28c6875858bf55af2a4de4ef94247c2cc5bfdda,,
ethereum,0x5239d99c8683b0a8324dc49ba52a09a5a4466c7c,0xe22F9fc0f04486dE25ed6CF1800a4a47aFD82e0C,legacy(A),0x8292bb45bf1ee4d140127049757c2e0ff06317ed,RLUSD,0,0.0,0xa0b86991c6218b36c1d19d4a2e9eb0ce3606eb48,USDC,0,0.0,0,0x182a147,0x572cf596681e1736d2546de84fb10d71bcbb953f12a249d268b5ed6048c2fea4,0x0e864006c9beac70998c0a3dac1a6bc9af9a334e,,
ethereum,0xd91b153efdc9be894f8a1e7487423371e0b99f53,0xe22F9fc0f04486dE25ed6CF1800a4a47aFD82e0C,legacy(A),0x4c9edd5852cd905f086c759e8383e09bff1e68b3,USDe,0,0.0,0xdac17f958d2ee523a2206206994597c13d831ec7,USDT,0,0.0,0,0x182be95,0xc008ae2ff1a83125323ce4d52e89e58dd9abf5d40f63ffc53f009d7dfc390a06,0x44e8f718f82c2fd72cbe8bc3ffdad583f0cdef74,,
ethereum,0xa2e78ac22cf562f306a1bd6e756bf40dbb3e44cc,0xe22F9fc0f04486dE25ed6CF1800a4a47aFD82e0C,legacy(A),0x8292bb45bf1ee4d140127049757c2e0ff06317ed,RLUSD,0,0.0,0xa0b86991c6218b36c1d19d4a2e9eb0ce3606eb48,USDC,0,0.0,0,0x182bf17,0xff65c7bbb5acf486a5535143649aaff118f38d2bb929fd3420373917cd634c0e,0x1387d436fdadbdca8fa477004c7e0c8576c3dfe1,,
ethereum,0xe2b85e3e2eee34874fa13462c1e60b3624531a6a,0xe22F9fc0f04486dE25ed6CF1800a4a47aFD82e0C,legacy(A),0x4c9edd5852cd905f086c759e8383e09bff1e68b3,USDe,0,0.0,0xa0b86991c6218b36c1d19d4a2e9eb0ce3606eb48,USDC,0,0.0,0,0x1843ca5,0xf221e03b37df52618e2b3a62bbcc157fe944d339a8f9f2c7ad39a37dc3a89665,0x958b0f0e7cfd10169e2eebcbca14a5fdf15087fa,,
ethereum,0xf95fd5dee16a04693d8e9467169ddee0955112e5,0xe22F9fc0f04486dE25ed6CF1800a4a47aFD82e0C,legacy(A),0xa0b86991c6218b36c1d19d4a2e9eb0ce3606eb48,USDC,0,0.0,0xdac17f958d2ee523a2206206994597c13d831ec7,USDT,0,0.0,0,0x186e8ed,0xf29371b4706e695c551f79bf9343246319d5e38ba65492d38f32e7bbc01bc19c,0x5a0e237a8b9b885dae00ed760fa189431f3eb689,,
arbitrum,0x6b8fad242098bd00f097063b1595e46696c59e5d,0xe22F9fc0f04486dE25ed6CF1800a4a47aFD82e0C,legacy(A),0x2f2a2543b76a4166549f7aab2e75bef0aefc5b0f,WBTC,0,0.0,0xaf88d065e77c8cc2239327c5edb3a432268e5831,USDC,0,0.0,0,0x1a2997d6,0xbc3ef1542a370347e7cb3094fe0f417e31328707a51057e14a70bb7744066fa4,0xef3690cbb1217410833f093ce56f7a1603787cad,,
arbitrum,0x178049832d79c7102feca7565fc594480f517b11,0xe22F9fc0f04486dE25ed6CF1800a4a47aFD82e0C,legacy(A),0x82af49447d8a07e3bd95bd0d56f35241523fbab1,WETH,0,0.0,0xaf88d065e77c8cc2239327c5edb3a432268e5831,USDC,0,0.0,0,0x1a567d48,0x06f319e33bf1d495872ababb9caa42adbf3c50145641ac397091b30a5ed0ae80,0x2150f7ecac0d092400c5b0678d2ba472cb59ec39,,
arbitrum,0xbbc3658e16b194c02bdec520a8a8356174d87b93,0xe22F9fc0f04486dE25ed6CF1800a4a47aFD82e0C,legacy(A),0x82af49447d8a07e3bd95bd0d56f35241523fbab1,WETH,0,0.0,0xaf88d065e77c8cc2239327c5edb3a432268e5831,USDC,0,0.0,0,0x1aae1a30,0x9593399fbd3f8a51e47cd033947235e4fba658b2cb5e10c5bb8948c32508b05e,0x02e9edce025a5b90ba0bdbcac067e7aab9be74f4,,
arbitrum,0xd7d03fca1eb902a2a8da081bc2af2717dc4d847b,0xe22F9fc0f04486dE25ed6CF1800a4a47aFD82e0C,legacy(A),0xcbb7c0000ab88b473b1f5afd9ef808440eed33bf,cbBTC,0,0.0,0xaf88d065e77c8cc2239327c5edb3a432268e5831,USDC,0,0.0,0,0x1aae1a81,0x873006be50859e410a8266ffd66e09aa304ec48e41f926dd00f3ac69796ac610,0xd5bff9b99da4c1875801f5881eb687cdb653aea4,,
arbitrum,0xa3ced3238266dba56695e971719cb016d9445cff,0xe22F9fc0f04486dE25ed6CF1800a4a47aFD82e0C,legacy(A),0x82af49447d8a07e3bd95bd0d56f35241523fbab1,WETH,0,0.0,0xcbb7c0000ab88b473b1f5afd9ef808440eed33bf,cbBTC,0,0.0,0,0x1aae1d8c,0xff4a67c36b203e9fae73688d65e64eb1771e6313582129f3c1e35455ce8af546,0x3a7ad92440d4a3cf0b4f745fe10d3ddccd35e03b,,
arbitrum,0xefb432160e8cfce36eb937975055641ba4c3747f,0xe22F9fc0f04486dE25ed6CF1800a4a47aFD82e0C,legacy(A),0x82af49447d8a07e3bd95bd0d56f35241523fbab1,WETH,0,0.0,0xaf88d065e77c8cc2239327c5edb3a432268e5831,USDC,0,0.0,0,0x1aaf3a4b,0xb25ae97c935ec5a0659a1bc5e9485700a8769dba19a64a9f274576d3c004eaae,0x02e9edce025a5b90ba0bdbcac067e7aab9be74f4,,
arbitrum,0x6c354be7a7c63efeb35eb7c1b26572f3d8c6a253,0xe22F9fc0f04486dE25ed6CF1800a4a47aFD82e0C,legacy(A),0xcbb7c0000ab88b473b1f5afd9ef808440eed33bf,cbBTC,0,0.0,0xaf88d065e77c8cc2239327c5edb3a432268e5831,USDC,0,0.0,0,0x1aaf4074,0x7f8838cb095cd1152324310d77216b648053f03f26db6a081f339c39c68553e9,0xd5bff9b99da4c1875801f5881eb687cdb653aea4,,
arbitrum,0x40b185c99f8fa1def7ca77c5b40a372c8b244d14,0xe22F9fc0f04486dE25ed6CF1800a4a47aFD82e0C,legacy(A),0x82af49447d8a07e3bd95bd0d56f35241523fbab1,WETH,0,0.0,0xcbb7c0000ab88b473b1f5afd9ef808440eed33bf,cbBTC,0,0.0,0,0x1aaf409e,0xd17a897d622e89a0a7c8839ef727d4baccfd3ae6df7ccd3870fe9d6ede9e2465,0x3a7ad92440d4a3cf0b4f745fe10d3ddccd35e03b,,
arbitrum,0x4586065619737df025ec2a64c2adb708f22f3c7d,0xe22F9fc0f04486dE25ed6CF1800a4a47aFD82e0C,legacy(A),0xaf88d065e77c8cc2239327c5edb3a432268e5831,USDC,0,0.0,0x2f2a2543b76a4166549f7aab2e75bef0aefc5b0f,WBTC,0,0.0,0,0x1b204607,0xdda79ff755a99a186f28162c806af690c1cfb61ac1a72fec581c389ca9386170,0x70779707211d1b3a2b846d51922c9ceec4cebd8e,,
arbitrum,0x4a65849d5ddb7faaa13574554a18daaf05af22a1,0xe22F9fc0f04486dE25ed6CF1800a4a47aFD82e0C,legacy(A),0x2f2a2543b76a4166549f7aab2e75bef0aefc5b0f,WBTC,0,0.0,0xaf88d065e77c8cc2239327c5edb3a432268e5831,USDC,0,0.0,0,0x1b206724,0x928640fa54dae5a26df90086adf944dcf12b033b4409ff4a060203bca5b5c98a,0x70779707211d1b3a2b846d51922c9ceec4cebd8e,,
arbitrum,0xe39fd90bfaba5fcf75e90c988c878d5aea4e66d9,0xe22F9fc0f04486dE25ed6CF1800a4a47aFD82e0C,legacy(A),0x2f2a2543b76a4166549f7aab2e75bef0aefc5b0f,WBTC,0,0.0,0xcbb7c0000ab88b473b1f5afd9ef808440eed33bf,cbBTC,0,0.0,0,0x1b457b2f,0x66463169fbcbf9bd1e0a08bfa554311edf5ab7f902a7aa80749da5a9a32f6b6e,0x3fb0ef3996bf099d07b6a0ef89c304d82b75af14,,
arbitrum,0xe230e5966ebd044978bf4e854559795f1d50eb0f,0xe22F9fc0f04486dE25ed6CF1800a4a47aFD82e0C,legacy(A),0xaf88d065e77c8cc2239327c5edb3a432268e5831,USDC,0,0.0,0xfd086bc7cd5c481dcc9c85ebe478a1c0b69fcbb9,USDT0,0,0.0,0,0x1b6f79fc,0x64253f59de68e66c04086ea09938e549d57303e3325a5229c832e3a03a5396c8,0x7433995ffc75233f86456f89167c6efbe4bd796a,,
arbitrum,0x67be80d7fd2250a4d5d718a39100d14eb86b619e,0xe22F9fc0f04486dE25ed6CF1800a4a47aFD82e0C,legacy(A),0xaf88d065e77c8cc2239327c5edb3a432268e5831,USDC,0,0.0,0xfd086bc7cd5c481dcc9c85ebe478a1c0b69fcbb9,USDT0,0,0.0,0,0x1b6f7ad8,0x3b0ee0f416e559b834a4dac3c0ba8b3ad8646b6f1162a4ff9a5f4a6c23e55801,0x7433995ffc75233f86456f89167c6efbe4bd796a,,
arbitrum,0xa3dabc228530f11b7d161ff391addcfc0a837d99,0xe22F9fc0f04486dE25ed6CF1800a4a47aFD82e0C,legacy(A),0xaf88d065e77c8cc2239327c5edb3a432268e5831,USDC,0,0.0,0xfd086bc7cd5c481dcc9c85ebe478a1c0b69fcbb9,USDT0,0,0.0,0,0x1c482747,0x6e80ad28b11574c73f15f3e0ee250c665528ada207b04095717b2286145ec51c,0x4116db3b202767f1670e065a205db24b6da1888e,,
arbitrum,0x8257aab55c9ed127c17b9c8e023a60ac9dafd058,0xe22F9fc0f04486dE25ed6CF1800a4a47aFD82e0C,legacy(A),0xaf88d065e77c8cc2239327c5edb3a432268e5831,USDC,0,0.0,0xfd086bc7cd5c481dcc9c85ebe478a1c0b69fcbb9,USDT0,0,0.0,0,0x1c4d8f16,0x3374739fb7b58f8d898ed0d76d9d055d94a9d7453bdf5e997aa9a46b702041df,0x1eee972401b0cf6089549951e45e40633dea1975,,
arbitrum,0xec40b4808541747247f77dc611bb48a8e9ce8281,0xe22F9fc0f04486dE25ed6CF1800a4a47aFD82e0C,legacy(A),0x2f2a2543b76a4166549f7aab2e75bef0aefc5b0f,WBTC,0,0.0,0xaf88d065e77c8cc2239327c5edb3a432268e5831,USDC,0,0.0,0,0x1d1653c8,0xbf93cba2708de44151e7a8bedadc55c238a2396a455bf06e96a6bbff1f524846,0xeb544c83e8c5f5d5970afb3d6dd1787aec6b9d09,,
polygon,0x65b5a7d46cb60c9abb6573d1bf7579ed701dbc46,0xe22F9fc0f04486dE25ed6CF1800a4a47aFD82e0C,legacy(A),0x1bfd67037b42cf73acf2047067bd4f2c47d9bfd6,WBTC,0,0.0,0x3c499c542cef5e3811e1192ce70d8cc03d5c3359,USDC,0,0.0,0,0x50fe269,0x624ef92014299a7e789a1bb263db5ad1c0f47407a29aad1a0fe155f56b0defa5,0x3a911762cf640b482e72fe53462419798c9ed591,,
polygon,0xf43a9468d8fed9b5142610ee5fdece9f786995b2,0xe22F9fc0f04486dE25ed6CF1800a4a47aFD82e0C,legacy(A),0x3c499c542cef5e3811e1192ce70d8cc03d5c3359,USDC,0,0.0,0x2791bca1f2de4661ed88a30c99a7a9449aa84174,USDC,0,0.0,0,0x5459f2e,0x4873532a549a50f749ae4e9b02bba0f4a9a8241554e3045fafd2c5e7bd5663dd,0x383bd89d7c9a59ac9c8c4a05140a2252d043eb87,,
polygon,0x0464f1539f436cdecec40e89028669b0d54f0cfd,0xe22F9fc0f04486dE25ed6CF1800a4a47aFD82e0C,legacy(A),0x2791bca1f2de4661ed88a30c99a7a9449aa84174,USDC,0,0.0,0x3c499c542cef5e3811e1192ce70d8cc03d5c3359,USDC,0,0.0,0,0x545a0a4,0xb66214a5f12eed5f58f7fdf83692c7eb4b9c339ab2f452a31dd641e62d3bc7c1,0x383bd89d7c9a59ac9c8c4a05140a2252d043eb87,,
polygon,0xcae4c1e465c7ab4bbe64ad7706536f1c0ab5d10d,0xe22F9fc0f04486dE25ed6CF1800a4a47aFD82e0C,legacy(A),0x2791bca1f2de4661ed88a30c99a7a9449aa84174,USDC,0,0.0,0x3c499c542cef5e3811e1192ce70d8cc03d5c3359,USDC,0,0.0,0,0x545a54c,0xe120be96a0aca129df499c55d9134b93b8f7848b21e7cac0334da241772ac508,0x383bd89d7c9a59ac9c8c4a05140a2252d043eb87,,
hyperevm,0x43e6bd9619db7fba95be3bcb20ad3b9df5d8e328,0xe22F9fc0f04486dE25ed6CF1800a4a47aFD82e0C,legacy(A),0x5555555555555555555555555555555555555555,WHYPE,0,0.0,0xb88339cb7199b77e23db6e890353e22632ba630f,USDC,0,0.0,0,0x1db687a,0xeb9e4f8fb577ed04f53ec392d7ced3f9b9b16cd32f14dd0d69ba26aa84a66829,0xb6d0106927df2be6e44683a6e540ed60ec6c31b4,,
hyperevm,0x2a9b6eddefb37c91a3a7fc7dd0da9ba3a557e9e7,0xe22F9fc0f04486dE25ed6CF1800a4a47aFD82e0C,legacy(A),0x5555555555555555555555555555555555555555,WHYPE,0,0.0,0xb88339cb7199b77e23db6e890353e22632ba630f,USDC,0,0.0,0,0x1db7558,0x4f3f6fc0227de21ecddce5b83710742c1db7f35a19000915c3bb9365718bb13a,0xb6d0106927df2be6e44683a6e540ed60ec6c31b4,,
hyperevm,0x4a85783420dc9afe978f64d2bec682a92d6bd4d6,0xe22F9fc0f04486dE25ed6CF1800a4a47aFD82e0C,legacy(A),0x0e894d40842441fb45cd6b8ca0bc1561f3469076,,0,,0xb88339cb7199b77e23db6e890353e22632ba630f,USDC,0,0.0,0,0x1ddf6cc,0x2634dd4ec7466c9540f795fe8e20072995de4d2b4b3ceecefbb71a278959d3f7,0x5eba21aabbb7631db724e0f4bd8b89167a880bbc,,
hyperevm,0x9d8fc849c394ec3b28953721bb901e1cd424fa58,0xe22F9fc0f04486dE25ed6CF1800a4a47aFD82e0C,legacy(A),0xb989ad9b91886b1aaed8daadb26f028b29b40945,NVDAon,0,0.0,0xb88339cb7199b77e23db6e890353e22632ba630f,USDC,0,0.0,0,0x2161cd4,0x72b5902b4870be9d0374859d2cab54d0f31beb0fe3775007b58cdbdc119bfcd9,0xfd75e2789642842c6aa4f9136616665d7fbd73d9,,
hyperevm,0xd625258fea619cf3407e3e383ed78fb7f695c422,0xe22F9fc0f04486dE25ed6CF1800a4a47aFD82e0C,legacy(A),0x0f8e33f5cdefae9c2e59de8fb61fed347046d046,MUon,0,0.0,0xb88339cb7199b77e23db6e890353e22632ba630f,USDC,0,0.0,0,0x21620e1,0x69e7dfab37b91aa8a12a036d95c3723f91fa72810d30373e774dc356ae521e5c,0xea2e1879b3c6836517bc575c8a90cfd0c2111f35,,
hyperevm,0x0dee1f240d1cd2db4b99d9228e7dc4a110a36d2f,0xe22F9fc0f04486dE25ed6CF1800a4a47aFD82e0C,legacy(A),0x0f8e33f5cdefae9c2e59de8fb61fed347046d046,MUon,0,0.0,0xb88339cb7199b77e23db6e890353e22632ba630f,USDC,0,0.0,0,0x219c7a8,0x36d094290fdc0f63cd513e355354686a74f52538c5f2f4cc57da6301ab8ed56a,0xea2e1879b3c6836517bc575c8a90cfd0c2111f35,,
hyperevm,0x42744de6eb2ab881f20cac21ddd0efbe527bea41,0xe22F9fc0f04486dE25ed6CF1800a4a47aFD82e0C,legacy(A),0x13a81c5e8b4ab05fc721dff7ba95e250b29458f8,CRCLon,0,0.0,0xb88339cb7199b77e23db6e890353e22632ba630f,USDC,0,0.0,0,0x21b68a6,0x51afdaeddb7be64f5fe9c6f961c0f5a337735876a88eea0a7add909cccc9c01d,0xe963140c07cd2290247dbace44ce5838020706ce,,
hyperevm,0xf34c08e6e5e3ba2001a4035bcc9d2f8f7cd1dbe1,0xe22F9fc0f04486dE25ed6CF1800a4a47aFD82e0C,legacy(A),0x9fdbda0a5e284c32744d2f17ee5c74b284993463,UBTC,0,0.0,0xb88339cb7199b77e23db6e890353e22632ba630f,USDC,0,0.0,0,0x233991c,0x44d2c46005d37526272a1437122e1431383bb4f5c3c9cc6bb673baddb4e43d27,0x91481bff88c5cbd8a2e3fe5f83a6eed047b4cab3,,
hyperevm,0x426d8d75ef93b4922631ce8efa2edbd1664a0c5d,0xe22F9fc0f04486dE25ed6CF1800a4a47aFD82e0C,legacy(A),0xfd739d4e423301ce9385c1fb8850539d657c296d,kHYPE,0,0.0,0x5555555555555555555555555555555555555555,WHYPE,0,0.0,0,0x237c407,0xbedefdb1354264c1bdc83cd4e60b7b6ed1cef635047f44af1ef286efc7d5b5f5,0x8405e2d75a5efe5d28f782b08a196a82622efff9,,
hyperevm,0xdfe0f9c0026bed4bf4914413e2d6d0347f843504,0xe22F9fc0f04486dE25ed6CF1800a4a47aFD82e0C,legacy(A),0x5555555555555555555555555555555555555555,WHYPE,0,0.0,0xb88339cb7199b77e23db6e890353e22632ba630f,USDC,0,0.0,0,0x237dfe8,0xc1cf82e923e6f2b8ceb0855d8a9e9fe192151087b3ea8bdc138865d1115a4444,0xcd6b9eac4cada0899f20cda41e1981a699d0d64f,,
hyperevm,0x1fab1235961618bd7b0e64eb586fd1ba92085b0a,0xe22F9fc0f04486dE25ed6CF1800a4a47aFD82e0C,legacy(A),0x000000000000780555bd0bca3791f89f9542c2d6,KNTQ,0,0.0,0xb88339cb7199b77e23db6e890353e22632ba630f,USDC,0,0.0,0,0x23c4cef,0xbd02bef49a4619a38340bf7bbb486c789056498cb32c5b09b225626bdf57a06f,0x6d9d962540c9038f18e0242d1accf295d56d1829,,
hyperevm,0x8866d3450e415b539434df1bdff0bb69fe9c7d52,0xe22F9fc0f04486dE25ed6CF1800a4a47aFD82e0C,legacy(A),0x000000000000780555bd0bca3791f89f9542c2d6,KNTQ,0,0.0,0xb88339cb7199b77e23db6e890353e22632ba630f,USDC,0,0.0,0,0x23c4f14,0x9b442414ca28afe117abeaef48f59887674e822cc5813193d539d2f637931b37,0x6d9d962540c9038f18e0242d1accf295d56d1829,,
hyperevm,0x27a1d608515ff29af7a91169ceea507241152260,0xe22F9fc0f04486dE25ed6CF1800a4a47aFD82e0C,legacy(A),0x5555555555555555555555555555555555555555,WHYPE,0,0.0,0xb88339cb7199b77e23db6e890353e22632ba630f,USDC,0,0.0,0,0x2412924,0x43d4650fc91fe9cdfcdcebb2e92ae27993ef6c42389863e28553365a75b9cb4f,0xb77cb01e40dac0d71c2f6e7d933b9d7d381e8a13,,
hyperevm,0xfe84f6d3c3da79d5750d38ef797174fa078c7b0a,0xe22F9fc0f04486dE25ed6CF1800a4a47aFD82e0C,legacy(A),0x5555555555555555555555555555555555555555,WHYPE,0,0.0,0xb88339cb7199b77e23db6e890353e22632ba630f,USDC,0,0.0,0,0x2412edc,0x30c62f1b36d8effd49aadce64ec94680fef506fbbc210f7661386f901b2cb4de,0xb77cb01e40dac0d71c2f6e7d933b9d7d381e8a13,,
hyperevm,0xd0307d3edd867cf1609b252cc6810188c040458e,0xe22F9fc0f04486dE25ed6CF1800a4a47aFD82e0C,legacy(A),0x5555555555555555555555555555555555555555,WHYPE,0,0.0,0xb88339cb7199b77e23db6e890353e22632ba630f,USDC,0,0.0,0,0x2412fd0,0xe94e8bfd97dd178f23dd59b86d36050f00b3fa482845d074052e4d26b20b732b,0xb77cb01e40dac0d71c2f6e7d933b9d7d381e8a13,,
hyperevm,0x8769adf6f7b20f55867dbe63a22073bfb7c2e32d,0xe22F9fc0f04486dE25ed6CF1800a4a47aFD82e0C,legacy(A),0xb8ce59fc3717ada4c02eadf9682a9e934f625ebb,USDT0,0,0.0,0xb88339cb7199b77e23db6e890353e22632ba630f,USDC,0,0.0,0,0x241d252,0x0cd1c9d2e6646bba778e01ebc6b8d3234214d1fe3f5ebbb2ebf1eb00d28458d7,0x3a687af4f00697e17056fa6794ddcfeb4745712a,,
hyperevm,0x73740dd6cf349e6380fc0e24717075bc6897974e,0xe22F9fc0f04486dE25ed6CF1800a4a47aFD82e0C,legacy(A),0x9b498c3c8a0b8cd8ba1d9851d40d186f1872b44e,PURR,0,0.0,0xb88339cb7199b77e23db6e890353e22632ba630f,USDC,0,0.0,0,0x24b1592,0xd5807763f52380922050c614ab3543db239114cb94365a80b674005cb36402d7,0x231cdc8f1411ab14894a9dd4533c58bd833188f9,,
monad,0x7e4d6287b0a36822bb454dff8500562ecde2d937,0xe22F9fc0f04486dE25ed6CF1800a4a47aFD82e0C,legacy(A),0x0555e30da8f98308edb960aa94c0db47230d2b9c,WBTC,0,0.0,0x754704bc059f8c67012fed69bc8a327a5aafb603,USDC,0,0.0,0,0x3de794c,0xa525eb9d642b606d1f3327a08dd5349966c17a046f5031cdbbbd1149181ad01e,0x3a911762cf640b482e72fe53462419798c9ed591,,
monad,0x3826750cbd476de7e15f71357a5c1c57c1b75e53,0xe22F9fc0f04486dE25ed6CF1800a4a47aFD82e0C,legacy(A),0x3bd359c1119da7da1d913d1c4d2b7c461115433a,WMON,0,0.0,0x754704bc059f8c67012fed69bc8a327a5aafb603,USDC,0,0.0,0,0x3de8225,0x47a70a43c283279e1ed476fd8aff71f4ba5e3d4a666a37e1d437e23dd0b2c90a,0xf034c1d706e0939e6a5c64ea0fa98620b34964cf,,
monad,0xe3eedcd6be6c8ebd37861deed30a99a12e984948,0xe22F9fc0f04486dE25ed6CF1800a4a47aFD82e0C,legacy(A),0x3bd359c1119da7da1d913d1c4d2b7c461115433a,WMON,0,0.0,0x754704bc059f8c67012fed69bc8a327a5aafb603,USDC,0,0.0,0,0x3e07725,0x7e1196c5086c7e7145da238629e2d586e3b12803d8a3a93c56e74b2b5bcf37bb,0x3a911762cf640b482e72fe53462419798c9ed591,,
monad,0x4e3613b28d00e83c85d616760a847f1a1411d9c4,0xe22F9fc0f04486dE25ed6CF1800a4a47aFD82e0C,legacy(A),0xee8c0e9f1bffb4eb878d8f15f368a02a35481242,WETH,0,0.0,0x754704bc059f8c67012fed69bc8a327a5aafb603,USDC,0,0.0,0,0x3e0be1d,0x7569f6e410154070e8b254b3751d6f4244e96fca3ab459b3b3afb70a4fb1d4d2,0x6f3ad3ff7e95f08fe852d46ec8170b4aab225ef8,,
base,0xe190ad4e2c8dd0445197989aa62557aef45f3a6b,0xe22F9fc0f04486dE25ed6CF1800a4a47aFD82e0C,legacy(A),0x4200000000000000000000000000000000000006,WETH,0,0.0,0x833589fcd6edb6e08f4c7c32d4f71b54bda02913,USDC,0,0.0,0,0x28991a0,0x263b44e9b13b9be08bb31ea84d73691111934d17188c7bb3d9fb2e27803449ba,0xac8aaa01e2272195386235e794184768e0b9a20b,,
base,0xebc1ee64d547413888744eff13482b438e708c16,0xe22F9fc0f04486dE25ed6CF1800a4a47aFD82e0C,legacy(A),0x4200000000000000000000000000000000000006,WETH,0,0.0,0x833589fcd6edb6e08f4c7c32d4f71b54bda02913,USDC,0,0.0,0,0x289ad02,0x32c1c512f1bd4619616d82c50a3a3e3575d646b4ed30bf2475c5b7f09921f7d3,0xac8aaa01e2272195386235e794184768e0b9a20b,,
base,0xa07938ea73e9d8eb23535816d073c2731ea24946,0xe22F9fc0f04486dE25ed6CF1800a4a47aFD82e0C,legacy(A),0x4200000000000000000000000000000000000006,WETH,0,0.0,0x833589fcd6edb6e08f4c7c32d4f71b54bda02913,USDC,0,0.0,0,0x289e8ef,0x374f7468509234e6312db71f6600c6875f33d8f6819dc2f349ecee055cc3d4c3,0x5432fc76a890fa02059fbcfb365f1811c2836a29,,
base,0x74c8d65733bb13888404e5e5eb9355eb96f9da4c,0xe22F9fc0f04486dE25ed6CF1800a4a47aFD82e0C,legacy(A),0x4200000000000000000000000000000000000006,WETH,0,0.0,0xcbb7c0000ab88b473b1f5afd9ef808440eed33bf,cbBTC,0,0.0,0,0x289ef8f,0x76f6c3cf1ae95b54abb728e7e43a6ea6996c639ac1910e6eb76f3b1d5ec652fd,0x758c4e5a896e706e852bf59c124b5f12df30b426,,
base,0x71089bacc43b7d03a2bb48e90c95f8164377f8ad,0xe22F9fc0f04486dE25ed6CF1800a4a47aFD82e0C,legacy(A),0xcbb7c0000ab88b473b1f5afd9ef808440eed33bf,cbBTC,0,0.0,0x833589fcd6edb6e08f4c7c32d4f71b54bda02913,USDC,0,0.0,0,0x289f62a,0x1a49ef5a2143a8d449beae5aab3fa7077bb0aac06209e6a3d1ee70dc62da9508,0x84dcebe88eed6ba5dea56cf9940b03d0e13cdcc3,,
base,0xecf542e9c13a065a7341a11eab4ee2de2d2eb860,0xe22F9fc0f04486dE25ed6CF1800a4a47aFD82e0C,legacy(A),0x4200000000000000000000000000000000000006,WETH,0,0.0,0xcbb7c0000ab88b473b1f5afd9ef808440eed33bf,cbBTC,0,0.0,0,0x28ee650,0x631e93cdef4de00ed6416c0ab26f84ea4e529f1c2a13635d48699e13579761fe,0xef3690cbb1217410833f093ce56f7a1603787cad,,
base,0xc1e67d04182f0584145bc93ca7a3eea30e037f57,0xe22F9fc0f04486dE25ed6CF1800a4a47aFD82e0C,legacy(A),0x4200000000000000000000000000000000000006,WETH,0,0.0,0x833589fcd6edb6e08f4c7c32d4f71b54bda02913,USDC,0,0.0,0,0x2904eac,0x030f4c472890d014cdd327c9428f7f2bfcca92b405c50468d1f929ac4ea4583f,0x2150f7ecac0d092400c5b0678d2ba472cb59ec39,,
base,0x3676609987a42730a27a07cf3f8eaa8e67048a8f,0xe22F9fc0f04486dE25ed6CF1800a4a47aFD82e0C,legacy(A),0x4200000000000000000000000000000000000006,WETH,0,0.0,0x833589fcd6edb6e08f4c7c32d4f71b54bda02913,USDC,0,0.0,0,0x290e7af,0xb6df64c6379fcf2dfd290a2637645a6e6eb16c33e549be01736e91d602831f8b,0xec6dd098a36e99f2a426ba041d75dfe8aa789d4f,,
base,0xa8583b14d4f14676805334e4801cb85d3b1abff3,0xe22F9fc0f04486dE25ed6CF1800a4a47aFD82e0C,legacy(A),0x4200000000000000000000000000000000000006,WETH,0,0.0,0x833589fcd6edb6e08f4c7c32d4f71b54bda02913,USDC,0,0.0,0,0x29f0688,0x072bc03b6d9d7564a88dd39077bce75a3178e6970ea059720188f14609c1f085,0x575c14f830c8eaa1d45577cd7aa63853b56cfdf8,,
base,0xc5a2dacf3f1bfc6ca20e212a7d52268e0a2817d6,0xe22F9fc0f04486dE25ed6CF1800a4a47aFD82e0C,legacy(A),0x4200000000000000000000000000000000000006,WETH,0,0.0,0x833589fcd6edb6e08f4c7c32d4f71b54bda02913,USDC,0,0.0,0,0x29f53ba,0x1284ade1d768070ea39adccd77da6303e2ed678bec78349ce2f7e05738c85207,0x575c14f830c8eaa1d45577cd7aa63853b56cfdf8,,
base,0xa6929e903c42a79394f09365f59e916cb0accfd9,0xe22F9fc0f04486dE25ed6CF1800a4a47aFD82e0C,legacy(A),0x4200000000000000000000000000000000000006,WETH,0,0.0,0x833589fcd6edb6e08f4c7c32d4f71b54bda02913,USDC,0,0.0,0,0x29f55ff,0x519509c3d359de78a1c2bb51a2668d2c07b463e8ae4bf474ec727427763bc621,0x575c14f830c8eaa1d45577cd7aa63853b56cfdf8,,
base,0x8adc0c06f7ab5141331af8bc373920de404207c3,0xe22F9fc0f04486dE25ed6CF1800a4a47aFD82e0C,legacy(A),0x4200000000000000000000000000000000000006,WETH,0,0.0,0x833589fcd6edb6e08f4c7c32d4f71b54bda02913,USDC,0,0.0,0,0x29f6467,0xad052af610d321081da2875b327dad3b1c9b8298d63e3e9e2dcc58dd09595c8b,0xf3d18680ad603819ef566a902ebfb3fd6c5585a1,,
base,0x46cf6aab99eb0f875f583a378e77e7660c5779fe,0xe22F9fc0f04486dE25ed6CF1800a4a47aFD82e0C,legacy(A),0x4200000000000000000000000000000000000006,WETH,0,0.0,0x833589fcd6edb6e08f4c7c32d4f71b54bda02913,USDC,0,0.0,0,0x29f659f,0x31d6cc567623c891546804a337be292274034a7cb9efbb7bdd0067ec9d6330b9,0x6e0ba49317c3aafebd35bcc991c5834d434cadcc,,
base,0xdbcce8735d578ec9278cd8f277942b42cef76e15,0xe22F9fc0f04486dE25ed6CF1800a4a47aFD82e0C,legacy(A),0x4200000000000000000000000000000000000006,WETH,0,0.0,0x833589fcd6edb6e08f4c7c32d4f71b54bda02913,USDC,0,0.0,0,0x29f65cc,0xd244d8a42e951424d11651361d723731b1345d3a9846ee6a63fcbf681424dd26,0x1fcb938f36b5e389bd45021e33db7242a213d08b,,
base,0xec550dcb090678bd7308271a51612d6ecb287bd0,0xe22F9fc0f04486dE25ed6CF1800a4a47aFD82e0C,legacy(A),0x4200000000000000000000000000000000000006,WETH,0,0.0,0x833589fcd6edb6e08f4c7c32d4f71b54bda02913,USDC,0,0.0,0,0x29f664a,0x5b579ccedb8e59373fe568c7967efc6f2295ec9c8ed9a3faa10b26fa05d2507e,0x381fbe6664216ae7cb97161f6f131ab7c94b9329,,
base,0x323f078be7b77062eda8a93b84b897a23b47e154,0xe22F9fc0f04486dE25ed6CF1800a4a47aFD82e0C,legacy(A),0x4200000000000000000000000000000000000006,WETH,0,0.0,0x833589fcd6edb6e08f4c7c32d4f71b54bda02913,USDC,0,0.0,0,0x29f668c,0xf1b842801afc011ecccc701f73ec9955fc7efb307caf4d7e9ef391aa22522329,0xe9b3939651d03c5a9957a20a2fa845b702b6b765,,
base,0x09ebbc70bb6f30f0af65839e20fc926764c0487f,0xe22F9fc0f04486dE25ed6CF1800a4a47aFD82e0C,legacy(A),0x4200000000000000000000000000000000000006,WETH,0,0.0,0x833589fcd6edb6e08f4c7c32d4f71b54bda02913,USDC,0,0.0,0,0x29f66d1,0x85539b772dec9c203c8b302e9495fb2eaa9fe9ce8c0cb84562723faff145934e,0x5b487b27d48d000100aba06f77d98293b9eddac0,,
base,0x291b098dd19fadc59c9bb5ada13a689dedd7ebba,0xe22F9fc0f04486dE25ed6CF1800a4a47aFD82e0C,legacy(A),0x4200000000000000000000000000000000000006,WETH,0,0.0,0x833589fcd6edb6e08f4c7c32d4f71b54bda02913,USDC,0,0.0,0,0x29f6715,0x5f58cc74823477330ac018255e411ec093d99968e37e6bec6156850088bc90c6,0x20ab9208e72c295c2f91f83c4277ad4566d4f635,,
base,0x26dd4bf0ee9385e26c1457eb4c9fc39dc311fb07,0xe22F9fc0f04486dE25ed6CF1800a4a47aFD82e0C,legacy(A),0x4200000000000000000000000000000000000006,WETH,0,0.0,0x833589fcd6edb6e08f4c7c32d4f71b54bda02913,USDC,0,0.0,0,0x29f6759,0x62110c9aafb4c324fa0c24d457332ce282c68d01c6ca2d87797fd32d9cc14fa2,0x7ea44bbea79b6d75f59ed54003370f37f6e18bf5,,
base,0x9658895c40c57c3b3021182b5ebbfec0a0287794,0xe22F9fc0f04486dE25ed6CF1800a4a47aFD82e0C,legacy(A),0x4200000000000000000000000000000000000006,WETH,0,0.0,0x833589fcd6edb6e08f4c7c32d4f71b54bda02913,USDC,0,0.0,0,0x29f6943,0x8d36121e4f5e57e1a2995341a42fdadfcdf9e10f51d8b97f9c904292e3189d8f,0x83c096a2e57801f530f094e610af3355eb7fa210,,
base,0x266d8bc6e6f9b1d751b68102663216c7154ac92b,0xe22F9fc0f04486dE25ed6CF1800a4a47aFD82e0C,legacy(A),0xcbb7c0000ab88b473b1f5afd9ef808440eed33bf,cbBTC,0,0.0,0x833589fcd6edb6e08f4c7c32d4f71b54bda02913,USDC,0,0.0,0,0x2a0c783,0x8eaee447a244ff37c13bf9cdd4b078b118778b1c3b7886510ba7bfed43316b81,0x3fa996291a41de22ab74f64f5ca47b70d7011429,,
base,0xb66d8e7e719c4a11180cdbfcfe34d239feacf5fe,0xe22F9fc0f04486dE25ed6CF1800a4a47aFD82e0C,legacy(A),0x4200000000000000000000000000000000000006,WETH,0,0.0,0xcbb7c0000ab88b473b1f5afd9ef808440eed33bf,cbBTC,0,0.0,0,0x2a0c789,0xc573980c966250e78156cd026169c37f13839ee1db9500f81ce3d7f5de7c8c39,0xf190179bdcd9d6f5ae16f4bfcd342ab90feee731,,
base,0x90022415080f9cf6cef86e4ffa8f1fcd07246f95,0xe22F9fc0f04486dE25ed6CF1800a4a47aFD82e0C,legacy(A),0xcbb7c0000ab88b473b1f5afd9ef808440eed33bf,cbBTC,0,0.0,0x833589fcd6edb6e08f4c7c32d4f71b54bda02913,USDC,0,0.0,0,0x2a0ec12,0xac4ad749e3f9282814568edb6f87716c8b8f75a810c0a4dbfc65fd004c32bfb3,0x3fa996291a41de22ab74f64f5ca47b70d7011429,,
base,0x1300cf8460fb60c8112febe63ada84a8dd894d8a,0xe22F9fc0f04486dE25ed6CF1800a4a47aFD82e0C,legacy(A),0x4200000000000000000000000000000000000006,WETH,0,0.0,0xcbb7c0000ab88b473b1f5afd9ef808440eed33bf,cbBTC,0,0.0,0,0x2a0ec19,0x43ac01561f168c19ed80e8cff1c32c842a665ce1b3ff062143a88b14bd4fbc28,0xf190179bdcd9d6f5ae16f4bfcd342ab90feee731,,
base,0x95aaf2fbf8425e010698582fc7d92be9bc4f600d,0xe22F9fc0f04486dE25ed6CF1800a4a47aFD82e0C,legacy(A),0xcbb7c0000ab88b473b1f5afd9ef808440eed33bf,cbBTC,0,0.0,0x833589fcd6edb6e08f4c7c32d4f71b54bda02913,USDC,0,0.0,0,0x2a49431,0x3d60c9378f868e3fec412833075fe0ffbd80bb2a1c3587359e320f0e6262e487,0x5d0b94b033fff985714d98f726e7c729396afc2c,,
base,0xbdea72eeba5bdcb5dadd3ffe9f1ee02672a0a505,0xe22F9fc0f04486dE25ed6CF1800a4a47aFD82e0C,legacy(A),0x940181a94a35a4569e4529a3cdfb74e38fd98631,AERO,0,0.0,0x833589fcd6edb6e08f4c7c32d4f71b54bda02913,USDC,0,0.0,0,0x2aa01c5,0x1e652a102654396d2b0c1ea5bed62ef804af44d64521c0903a70943c5e316f6c,0x3fb0ef3996bf099d07b6a0ef89c304d82b75af14,,
base,0x86523c55e6eaae16af542454301e6dd750b6a0a3,0xe22F9fc0f04486dE25ed6CF1800a4a47aFD82e0C,legacy(A),0x940181a94a35a4569e4529a3cdfb74e38fd98631,AERO,0,0.0,0x833589fcd6edb6e08f4c7c32d4f71b54bda02913,USDC,0,0.0,0,0x2aa7f70,0x6ca9b55cdc3626ed491d0271b1e0b1e877cd2841c2303875c421e4c21932b214,0x3fb0ef3996bf099d07b6a0ef89c304d82b75af14,,
base,0x0fcbb3f9aecc556de81ee756f01191d94a3d085e,0xe22F9fc0f04486dE25ed6CF1800a4a47aFD82e0C,legacy(A),0xcbb7c0000ab88b473b1f5afd9ef808440eed33bf,cbBTC,0,0.0,0x833589fcd6edb6e08f4c7c32d4f71b54bda02913,USDC,0,0.0,0,0x2b09776,0x334e40c7a13a90a34328406b00be1a568107e2054e03de11c7925adf3457310d,0x066d8bf60633169376b2a69aa363f398c6f26800,,
base,0xef05e733970c37b6a2f863de0db9378ea49447cc,0xe22F9fc0f04486dE25ed6CF1800a4a47aFD82e0C,legacy(A),0x4200000000000000000000000000000000000006,WETH,0,0.0,0xcbb7c0000ab88b473b1f5afd9ef808440eed33bf,cbBTC,0,0.0,0,0x2b09784,0x48cd2bc64be22d231e0f89b70eb5e53ae9130994b256be228895cbb506afd843,0x759a48f16883a6435ef0e396ae414de75d57758b,,
base,0x53e23ede3f671b763bbd7a5bd44ecb337798d2e9,0xe22F9fc0f04486dE25ed6CF1800a4a47aFD82e0C,legacy(A),0x60a3e35cc302bfa44cb288bc5a4f316fdb1adb42,EURC,0,0.0,0x833589fcd6edb6e08f4c7c32d4f71b54bda02913,USDC,0,0.0,0,0x2b1f3fa,0x711dc3a37d27f04ba9b15b17e099e9a6bc32d91134e98bad351bb5657a623aa2,0x9d2f6a1d46c5ab2c56259d431801cbf3d874eb0f,,
base,0x512cbf7d103ebee969796334f47977ad42ed4e56,0xe22F9fc0f04486dE25ed6CF1800a4a47aFD82e0C,legacy(A),0x60a3e35cc302bfa44cb288bc5a4f316fdb1adb42,EURC,0,0.0,0x833589fcd6edb6e08f4c7c32d4f71b54bda02913,USDC,0,0.0,0,0x2b1f45b,0xc789cfa806a01318049889dc48776cf2ab00f4c588e8c4d69ee3bb66ed8c1029,0x9d2f6a1d46c5ab2c56259d431801cbf3d874eb0f,,
base,0x56d8cdb641f1c6b55529514d2f5ba88efe3c8a92,0xe22F9fc0f04486dE25ed6CF1800a4a47aFD82e0C,legacy(A),0x0c1c1c109fe34733fca54b82d7b46b75cfb71f6e,CHIP,0,0.0,0x833589fcd6edb6e08f4c7c32d4f71b54bda02913,USDC,0,0.0,0,0x2b46d4b,0xbaad94bb16226cf340e0b55723b02ca3366d22e5cc4d05818fea201763947650,0xa8c5cc7fbd0f4f6deb5e5e1199f005fdd2eaab5b,,
base,0xe877f532d40de6bdf3e1647e4076935c35247565,0xe22F9fc0f04486dE25ed6CF1800a4a47aFD82e0C,legacy(A),0x9c5c365e764829876243d0b289733b9d2b729685,deSPXA,0,0.0,0x833589fcd6edb6e08f4c7c32d4f71b54bda02913,USDC,0,0.0,0,0x2b6d034,0x8ee0614eff62ae39923b054691d2e588f4002299c6a65a6b979c1ce692283c4e,0xed86e22bbb304e89604b190b20de83389f6e7f4d,,
base,0x154945a0b0a60f15e6f94299cb73a00d082ed8bf,0xe22F9fc0f04486dE25ed6CF1800a4a47aFD82e0C,legacy(A),0x940181a94a35a4569e4529a3cdfb74e38fd98631,AERO,0,0.0,0x833589fcd6edb6e08f4c7c32d4f71b54bda02913,USDC,0,0.0,0,0x2c5fe5e,0x9f94367b40a6794f4e22bdbc1433c1f50988ab40434d5869d56a452a5986558b,0xe28bf7b70fc4dbbdce9818352f88c009f7675062,,
base,0xc08af926789e900fb9e137134fd11d228c057b32,0xe22F9fc0f04486dE25ed6CF1800a4a47aFD82e0C,legacy(A),0xc0634090f2fe6c6d75e61be2b949464abb498973,KTA,0,0.0,0x833589fcd6edb6e08f4c7c32d4f71b54bda02913,USDC,0,0.0,0,0x2c78298,0x9d7765897708ff752ebd22feab948ddc0cf7fe9f7e4572d27575efbf50a8df12,0x665bff0cfbbfc20ca92ea3130f1437f5683890a5,,
base,0x0e2c6fffd1361176ea5949f1e2a479b166b9b281,0xe22F9fc0f04486dE25ed6CF1800a4a47aFD82e0C,legacy(A),0xc0634090f2fe6c6d75e61be2b949464abb498973,KTA,0,0.0,0x833589fcd6edb6e08f4c7c32d4f71b54bda02913,USDC,0,0.0,0,0x2c782de,0xbe428f8c7d29cb485a5f86578c79fe05f21fd09b6f235f469b9886ba56080b40,0x665bff0cfbbfc20ca92ea3130f1437f5683890a5,,
base,0x01b248849a406d96cf28d30c300bfa2e27ba9dda,0xe22F9fc0f04486dE25ed6CF1800a4a47aFD82e0C,legacy(A),0x5f980dcfc4c0fa3911554cf5ab288ed0eb13dba3,GITLAWB,0,0.0,0x833589fcd6edb6e08f4c7c32d4f71b54bda02913,USDC,0,0.0,0,0x2c78336,0xe8c77f7d294ab0e630b3fb4415ebb3a3c358c2ba9af75f31112012c6725b965e,0x504cf0e853bbf654f9eeaec0dccb49cc48e0115b,,
base,0x5065f7ae9eef437b3fb2b17a9a9edb27691cf387,0xe22F9fc0f04486dE25ed6CF1800a4a47aFD82e0C,legacy(A),0x0b3e328455c4059eeb9e3f84b5543f74e24e7e1b,VIRTUAL,0,0.0,0x833589fcd6edb6e08f4c7c32d4f71b54bda02913,USDC,0,0.0,0,0x2c94340,0xfaf9160d3605f69f2e89be2c44f5d73e4e0485e3ac4e807985f2f13c1a7d832d,0x5069573566d93fde4dabb4f53be1286ad96f1432,,
base,0x12939ae3de8c9e6beb5b95d952951cab9396a045,0xe22F9fc0f04486dE25ed6CF1800a4a47aFD82e0C,legacy(A),0x4200000000000000000000000000000000000006,WETH,0,0.0,0x833589fcd6edb6e08f4c7c32d4f71b54bda02913,USDC,0,0.0,0,0x2cefd38,0xb6260f47cde8354bb01ed0d810b495c381437b51e1410fe8614d2ec028abee6d,0x69454a23b8106776b2b09fecde04047f0d1f8f76,,
base,0xe028fa53afc744b50456eb19907e446cb94d0a78,0xe22F9fc0f04486dE25ed6CF1800a4a47aFD82e0C,legacy(A),0x4200000000000000000000000000000000000006,WETH,0,0.0,0x833589fcd6edb6e08f4c7c32d4f71b54bda02913,USDC,0,0.0,0,0x2cf32c6,0xc6502abbf60bdc1dcbd53b11c21af604b033f0ed8bcad8f8ce4ca7bde596a54e,0xd1f874a56413504bbd137a5280969b6a890fce48,,
base,0x861e3d65f397e5ffd8a43dd793c66fc2f0b965c1,0xe22F9fc0f04486dE25ed6CF1800a4a47aFD82e0C,legacy(A),0x9c5c365e764829876243d0b289733b9d2b729685,deSPXA,0,0.0,0x833589fcd6edb6e08f4c7c32d4f71b54bda02913,USDC,0,0.0,0,0x2cf32cf,0xbcb41c3213e62138d110d976c6f057c0bf42ff087a2ba111946a0dea6029176e,0x054ab6456cb3c81546cdae86e05d7dd4083f8c94,,
base,0x4a0c2c1f342037e6afcaca07ebc090beb3f9f715,0xe22F9fc0f04486dE25ed6CF1800a4a47aFD82e0C,legacy(A),0xc0634090f2fe6c6d75e61be2b949464abb498973,KTA,0,0.0,0x833589fcd6edb6e08f4c7c32d4f71b54bda02913,USDC,0,0.0,0,0x2cf32da,0x1eb63dd5529d215bd5e8e428dfc5ef3ae2ef1c9378c9ab7ea2d93809237cca92,0xc508b6eaa684572bfc6a82c8dabc9d4ef377f184,,
base,0x7c34d00c1b20a1ed913c34994c2a137471baa2e1,0xe22F9fc0f04486dE25ed6CF1800a4a47aFD82e0C,legacy(A),0x4200000000000000000000000000000000000006,WETH,0,0.0,0x833589fcd6edb6e08f4c7c32d4f71b54bda02913,USDC,0,0.0,0,0x2d03eda,0x2dfc71a6b8127c2a9658fca6582a0aa16a48e2721d99bfabec599bd9daf17df7,0xd1f874a56413504bbd137a5280969b6a890fce48,,
base,0x43b7eff5486554a4cc2d9a89eca4a9cf06974032,0xe22F9fc0f04486dE25ed6CF1800a4a47aFD82e0C,legacy(A),0x4200000000000000000000000000000000000006,WETH,0,0.0,0x833589fcd6edb6e08f4c7c32d4f71b54bda02913,USDC,0,0.0,0,0x2d03fbe,0x263354befa00f751052d8b86415ff232d8e9f321d85ec10884bcd98207e716c3,0xd1f874a56413504bbd137a5280969b6a890fce48,,
base,0x4965741dc7989506672dbeb040df56230a6df894,0xe22F9fc0f04486dE25ed6CF1800a4a47aFD82e0C,legacy(A),0x4200000000000000000000000000000000000006,WETH,0,0.0,0x833589fcd6edb6e08f4c7c32d4f71b54bda02913,USDC,0,0.0,0,0x2d4c811,0x153926c48737c21e812dd93f8bb8166c00f30dc01382de0c10d1d3cdc13821db,0x70286b7301819be8abf5c10373bd5fb566241351,,
base,0x37bd23ccb025944fe075b5dd51ca8eeac9a0b87f,0xe22F9fc0f04486dE25ed6CF1800a4a47aFD82e0C,legacy(A),0x4200000000000000000000000000000000000006,WETH,0,0.0,0x833589fcd6edb6e08f4c7c32d4f71b54bda02913,USDC,0,0.0,0,0x2d81c0f,0xc0b2f5625e347d5f136813b76a673c09a499fce3f0298ffb3773dc8c189648b9,0x7eef98f63077bafb79b87d60431eb705c28a521e,,
base,0xcb42dbe6c5c5a313f6cb91f7118935fedf7fd8f1,0xe22F9fc0f04486dE25ed6CF1800a4a47aFD82e0C,legacy(A),0x4200000000000000000000000000000000000006,WETH,0,0.0,0x833589fcd6edb6e08f4c7c32d4f71b54bda02913,USDC,0,0.0,0,0x2ef69af,0xa91b577a75587de76a472291cb74b2c46f1ccd00c13bacd8be15e49a3b27946d,0xbfb141d1f0253b1080289b9f945c0d92a8d75c79,,
base,0x6aed6f1423e79b1875e98df4c2075225a2163a0c,0xe22F9fc0f04486dE25ed6CF1800a4a47aFD82e0C,legacy(A),0xcbb7c0000ab88b473b1f5afd9ef808440eed33bf,cbBTC,0,0.0,0x833589fcd6edb6e08f4c7c32d4f71b54bda02913,USDC,0,0.0,0,0x2ef69ba,0xd39baa13c706262fc210f5aa8dfd89a21adcc3b87eaa1ec35e6ce954d0973cba,0xf7e4a2ed44facbe1490384f3108f54d705bdabd0,,
avax,0xaba7ed514217d51630053d73d358ac2502d3f9bb,0xe22F9fc0f04486dE25ed6CF1800a4a47aFD82e0C,legacy(A),0xb31f66aa3c1e785363f0875a1b74e27b85fd66c7,WAVAX,0,0.0,0xb97ef9ef8734c71904d8002f8b6bc66dd9c48a6e,AvalancheUSDC,0,0.0,0,0x4bb747a,0xc4c6ccc39d0c9b8b7e506ea7db6f1344aec3232bd02657652741deac50ffbe2b,0xef3690cbb1217410833f093ce56f7a1603787cad,,
avax,0xf2c9fd87ef0e0d8c900528ee707eef346ae33652,0xe22F9fc0f04486dE25ed6CF1800a4a47aFD82e0C,legacy(A),0xb31f66aa3c1e785363f0875a1b74e27b85fd66c7,WAVAX,0,0.0,0xb97ef9ef8734c71904d8002f8b6bc66dd9c48a6e,AvalancheUSDC,0,0.0,0,0x4c0a190,0x25851dd8cc58ee69959390898506dfb8e3074e1c308ce7636e52b970096680c1,0x2150f7ecac0d092400c5b0678d2ba472cb59ec39,,
avax,0xa15425c9b4eec01b83f406aec34ecc8af0a7a88e,0xe22F9fc0f04486dE25ed6CF1800a4a47aFD82e0C,legacy(A),0xb31f66aa3c1e785363f0875a1b74e27b85fd66c7,WAVAX,0,0.0,0xb97ef9ef8734c71904d8002f8b6bc66dd9c48a6e,AvalancheUSDC,0,0.0,0,0x4c0a1dc,0xc4887371a410c23fb100dce9efe3c980eb98b5231a2c06ceb70917d867b72461,0xc1f7af0472a65fb2bd485ff1e693b08a5a02589b,,
avax,0x18182a67c05880192bb22007fc39f58a4c7f58ea,0xe22F9fc0f04486dE25ed6CF1800a4a47aFD82e0C,legacy(A),0xb31f66aa3c1e785363f0875a1b74e27b85fd66c7,WAVAX,0,0.0,0xb97ef9ef8734c71904d8002f8b6bc66dd9c48a6e,AvalancheUSDC,0,0.0,0,0x4c0a222,0x405f75e1631cde7724033917244e4db77ba6eefe5748aa01de0c42538d095eb7,0xc1f7af0472a65fb2bd485ff1e693b08a5a02589b,,
avax,0x8deb489f8334f6d54b92f8f10ac4473deae24b23,0xe22F9fc0f04486dE25ed6CF1800a4a47aFD82e0C,legacy(A),0xb31f66aa3c1e785363f0875a1b74e27b85fd66c7,WAVAX,0,0.0,0xb97ef9ef8734c71904d8002f8b6bc66dd9c48a6e,AvalancheUSDC,0,0.0,0,0x4c0a268,0xc9756c41042d837ea0bfd60b343c436e9ed69921bd3204e6b2f83ecd27295b16,0xc1f7af0472a65fb2bd485ff1e693b08a5a02589b,,
avax,0xd7f70c765211ae1bdc4460e5f59b4398733cb45b,0xe22F9fc0f04486dE25ed6CF1800a4a47aFD82e0C,legacy(A),0xb31f66aa3c1e785363f0875a1b74e27b85fd66c7,WAVAX,0,0.0,0xb97ef9ef8734c71904d8002f8b6bc66dd9c48a6e,AvalancheUSDC,0,0.0,0,0x4c0a30c,0xc3e31ff446bc8dac6437c368b699e0a6406e5f0235a12482fb89b3cdc27668d9,0xec6dd098a36e99f2a426ba041d75dfe8aa789d4f,,
avax,0x6eb5af2246f72e0fd249b60535789638977e3098,0xe22F9fc0f04486dE25ed6CF1800a4a47aFD82e0C,legacy(A),0xb31f66aa3c1e785363f0875a1b74e27b85fd66c7,WAVAX,0,0.0,0xb97ef9ef8734c71904d8002f8b6bc66dd9c48a6e,AvalancheUSDC,0,0.0,0,0x4c0a3b4,0x5ca9e51fe1eb5fde2f1444f53b122b7da72af06b84ad03c6d836490e0a07f716,0xec6dd098a36e99f2a426ba041d75dfe8aa789d4f,,
avax,0xcbc4368c66cf6206f494433a589af6ff1233c482,0xe22F9fc0f04486dE25ed6CF1800a4a47aFD82e0C,legacy(A),0xb31f66aa3c1e785363f0875a1b74e27b85fd66c7,WAVAX,0,0.0,0xb97ef9ef8734c71904d8002f8b6bc66dd9c48a6e,AvalancheUSDC,0,0.0,0,0x4c2e56a,0x60e566cbdaf1689c8d42ce8308b0f9c87b2a64318de5a3fb0273b7e0d3f92b19,0x381fbe6664216ae7cb97161f6f131ab7c94b9329,,
avax,0xc9d4d840d95a62d81f7aafaa53fb7b9b23575616,0xe22F9fc0f04486dE25ed6CF1800a4a47aFD82e0C,legacy(A),0xb31f66aa3c1e785363f0875a1b74e27b85fd66c7,WAVAX,0,0.0,0xb97ef9ef8734c71904d8002f8b6bc66dd9c48a6e,AvalancheUSDC,0,0.0,0,0x4df9048,0x0fb638bb91bf663808c0fe5ea8f4691a9845c1cd57444bc0d0aa74a41fbd19cf,0x02e9edce025a5b90ba0bdbcac067e7aab9be74f4,,
avax,0x17c20efff1070f2aaca8099d111b1362f5bf2716,0xe22F9fc0f04486dE25ed6CF1800a4a47aFD82e0C,legacy(A),0x49d5c2bdffac6ce2bfdb6640f4f80f226bc10bab,WETH,0,0.0,0xb97ef9ef8734c71904d8002f8b6bc66dd9c48a6e,AvalancheUSDC,0,0.0,0,0x4df9054,0xf3b4a166cde5f1ee47c4a4b1dfc98d3fd529c4ab3f802d4cc518910c961e0595,0x11eb82074de46d537dc8e0e39d85f5509e8f0234,,
avax,0x9b4335df75ddbe0c64a3a40cf4eb4930bba2d30b,0xe22F9fc0f04486dE25ed6CF1800a4a47aFD82e0C,legacy(A),0x152b9d0fdc40c096757f570a51e494bd4b943e50,btc.b,0,0.0,0xb97ef9ef8734c71904d8002f8b6bc66dd9c48a6e,AvalancheUSDC,0,0.0,0,0x4df9064,0x6f52f002de11247f456566dd706eeacfaf9596cd31598227df4dbec9dd9adbd8,0x63197731adcceddef90d8b445f95c0558d85678c,,
robinhood,0x027eebbdf069f0fada45c07a70d252c83520595c,0xe22F9fc0f04486dE25ed6CF1800a4a47aFD82e0C,legacy(A),0x0bd7d308f8e1639fab988df18a8011f41eacad73,WETH,0,0.0,0x5fc5360d0400a0fd4f2af552add042d716f1d168,USDG,0,0.0,0,0xac0722,0xfe41e04814d14e94e3f838e59cec2879744df39d3e1e0e1748849f32cde68689,0x080132d914ea5acbfabe76d88ad588a10f6a1028,,
robinhood,0xf69f2921068db8addc4b52dae844413f7ee66b13,0xe22F9fc0f04486dE25ed6CF1800a4a47aFD82e0C,legacy(A),0x020bfc650a365f8bb26819deaabf3e21291018b4,CASHCAT,0,0.0,0x5fc5360d0400a0fd4f2af552add042d716f1d168,USDG,0,0.0,0,0xc6d25c,0x00c57350886905afeaaa33abf6a64db12b8c7f9a58a2c4fc0d7299deb531b130,0x05eba2498cbbe02365a6e90ce1ae366224b417a9,,
robinhood,0x4af5b43f98bac49d194f7570e24568368f6ae2df,0xe22F9fc0f04486dE25ed6CF1800a4a47aFD82e0C,legacy(A),0x39dbed3a2bd333467115de45665cc57f813c4571,PONS,0,0.0,0x5fc5360d0400a0fd4f2af552add042d716f1d168,USDG,0,0.0,0,0xf0e21a,0x61a8bdc708000a0ff7af53e4175fce00431f52bb783832f7ab871520b3f6eb39,0xb94b3e5f470a266f00db54b3588f873a7c51dd2f,,
robinhood,0xa992d98df201f222f1a8ae5b024329f7f325cbd6,0xe22F9fc0f04486dE25ed6CF1800a4a47aFD82e0C,legacy(A),0x0bd7d308f8e1639fab988df18a8011f41eacad73,WETH,0,0.0,0x5fc5360d0400a0fd4f2af552add042d716f1d168,USDG,0,0.0,0,0xfcc62c,0xe1f306ae052e3e5ec3a25a0fcdd78fed5a9933edd91f93ad00807e3ab92cf2b2,0x22bf368b957b9e317cebee0f600e904023b9b1aa,,
robinhood,0x86585b67e28cacd7b1e9c4a324b54f5127b16773,0xe22F9fc0f04486dE25ed6CF1800a4a47aFD82e0C,legacy(A),0x0bd7d308f8e1639fab988df18a8011f41eacad73,WETH,0,0.0,0x5fc5360d0400a0fd4f2af552add042d716f1d168,USDG,0,0.0,0,0xfcfecb,0xc31871a5f380bf2ef238dbb0a179fd923fc44dcd32ec3959a0bedf7226f50a2e,0x1df368f7040f179766618576159bd8c50de93961,,
robinhood,0xe160fbf25b3ca404c3e54cf6b7777bcd1e46238a,0xe22F9fc0f04486dE25ed6CF1800a4a47aFD82e0C,legacy(A),0x0bd7d308f8e1639fab988df18a8011f41eacad73,WETH,0,0.0,0x5fc5360d0400a0fd4f2af552add042d716f1d168,USDG,0,0.0,0,0xfee23e,0xa2dacd8b46303ba595bf7081eaa63e8dec2c5d82e872e16e0660543abe2c2137,0x6f9b877e2329cfedbaaf12423ba0cb92bf7b8842,,
robinhood,0x5bf0b7a40a4166e4549524198b512db8d722d155,0xe22F9fc0f04486dE25ed6CF1800a4a47aFD82e0C,legacy(A),0x39dbed3a2bd333467115de45665cc57f813c4571,PONS,0,0.0,0x5fc5360d0400a0fd4f2af552add042d716f1d168,USDG,0,0.0,0,0xff0564,0xdd707ffb49dffb69923b2119fdd13c014c3a49f3547e262ae35eeef9423fac5b,0x00df468273636048201e418d00ec162202eb797f,,
robinhood,0xd289c9e70ffbd357d0a6b8d3eaef304b72076555,0xe22F9fc0f04486dE25ed6CF1800a4a47aFD82e0C,legacy(A),0x020bfc650a365f8bb26819deaabf3e21291018b4,CASHCAT,0,0.0,0x5fc5360d0400a0fd4f2af552add042d716f1d168,USDG,0,0.0,0,0xff0a40,0xd91f7a53e7b28a67fcc90e2877263bfdc1535ae684c60df47adac41e695f2694,0x31dee27bb00f93436b709e8e4ebbe0dbdbf19bc0,,
robinhood,0x798705cd91b62ef26502bf6b42f7747bbc9f710b,0xe22F9fc0f04486dE25ed6CF1800a4a47aFD82e0C,legacy(A),0x1b0e319c6a659f002271b69db8a7df2f911c153e,GME,0,0.0,0x5fc5360d0400a0fd4f2af552add042d716f1d168,USDG,0,0.0,0,0x132bfa3,0x40ef17da4dbcd0fd6a61fc5cdf70e57992e4b5cb35ef491738688bab900edc93,0xb8e78b9286859c92afb0a4e38c30277d89366897,,
robinhood,0x98f4209e2b02d3540575530bcdc42472fe2f1ad0,0xe22F9fc0f04486dE25ed6CF1800a4a47aFD82e0C,legacy(A),0xd0601ce157db5bdc3162bbac2a2c8af5320d9eec,NVDA,0,0.0,0x5fc5360d0400a0fd4f2af552add042d716f1d168,USDG,0,0.0,0,0x132bfc3,0x9cd7751c3b3d8d3b97d60d067ed69cbed617361c51927b12cde4be81cb38df2b,0x05f28005a30431610f8a1c201df5f335272bc154,,
robinhood,0x1bb1f2349fd11d67e977d9e49848043e407cdd10,0xe22F9fc0f04486dE25ed6CF1800a4a47aFD82e0C,legacy(A),0x4a0e65a3eccec6dbe60ae065f2e7bb85fae35eea,SPCX,0,0.0,0x5fc5360d0400a0fd4f2af552add042d716f1d168,USDG,0,0.0,0,0x132bff5,0xccfab9efd04bdd5d1ded996a01cb8a1ccc88be71275286f39a5108f4c9712ac7,0x98e31f6b8be7693d389ff3d37a5ca4d6cf1d52f0,,
robinhood,0x813c6283bbca33bb13c808f83a85d353ea26b074,0xe22F9fc0f04486dE25ed6CF1800a4a47aFD82e0C,legacy(A),0x0bd7d308f8e1639fab988df18a8011f41eacad73,WETH,0,0.0,0x5fc5360d0400a0fd4f2af552add042d716f1d168,USDG,0,0.0,0,0x14f13e1,0x6165eab038c9953abb19eb0cf622af3a8a84fcaebd76a700f8b89e3639743e63,0x0dbdb50ec1534c565b32bb2f5e89178a2c4689f5,,
bsc,0x1f042b7bec479db7304b53f2511c7f206fe82cdb,0xe22F9fc0f04486dE25ed6CF1800a4a47aFD82e0C,legacy(A),0xbb4cdb9cbd36b01bd1cbaebf2de08d9173bc095c,WBNB,0,0.0,0x55d398326f99059ff775485246999027b3197955,USDT,0,0.0,0,0x50339c4,0x55da2d688bdd35f59079f34d3c87943f27e9cb426f644ff763d5926562c26697,0x84dcebe88eed6ba5dea56cf9940b03d0e13cdcc3,,
bsc,0xd4731c592e65d190a6a5f691646a5e80b52fcf4a,0xe22F9fc0f04486dE25ed6CF1800a4a47aFD82e0C,legacy(A),0x2170ed0880ac9a755fd29b2688956bd959f933f8,WETH,0,0.0,0x55d398326f99059ff775485246999027b3197955,USDT,0,0.0,0,0x510e563,0xbdbd7edc1f84299d8d9b6169e51b57d376470b40a348e05e180104b01fbcf028,0xef3690cbb1217410833f093ce56f7a1603787cad,,
bsc,0x3f57de6b46375e68d73675bf3e5bc64e5d76b329,0xe22F9fc0f04486dE25ed6CF1800a4a47aFD82e0C,legacy(A),0x7130d2a12b9bcbfae4f2634d864a1ee1ce3ead9c,BTCB,0,0.0,0x55d398326f99059ff775485246999027b3197955,USDT,0,0.0,0,0x5110fc1,0xf05038fbcf2cc63e6dbd2f7e6ae0c1a4a8b3607634152ade3ef27425c752ae4e,0xef3690cbb1217410833f093ce56f7a1603787cad,,
bsc,0xe02b59e0595c3520bf562b2248a6f3b0cb6f6e49,0xe22F9fc0f04486dE25ed6CF1800a4a47aFD82e0C,legacy(A),0x7083609fce4d1d8dc0c979aab8c869ea2c873402,DOT,0,0.0,0x55d398326f99059ff775485246999027b3197955,USDT,0,0.0,0,0x52e12fa,0x522bebfe5e5560a6fb32c80b43f9e446f79c7e8dbf56a43a1a3f735e737a3a5f,0xef3690cbb1217410833f093ce56f7a1603787cad,,
bsc,0xef32679f2b03c4befec8d9b88ba261ebbc93baeb,0xe22F9fc0f04486dE25ed6CF1800a4a47aFD82e0C,legacy(A),0xbb4cdb9cbd36b01bd1cbaebf2de08d9173bc095c,WBNB,0,0.0,0x55d398326f99059ff775485246999027b3197955,USDT,0,0.0,0,0x55aa9a4,0x8230d7bfb9be7bc4ad34a1e3b43bfec04456be9615111d42f8dbeda072808818,0x4288a8d6628abf982517ccbd2445b097ec4745f1,,
bsc,0x08d5ff6aacda2e5b32cdc7f2f8c0f09e8468f711,0xe22F9fc0f04486dE25ed6CF1800a4a47aFD82e0C,legacy(A),0x7130d2a12b9bcbfae4f2634d864a1ee1ce3ead9c,BTCB,0,0.0,0x55d398326f99059ff775485246999027b3197955,USDT,0,0.0,0,0x55aa9c1,0x04fd4f8177821fb17825abd2a356e14c9d48512146aaba91cfea57a32b030b5c,0xa6cb0490c15dec617d62b8020be8ee75af55994f,,
bsc,0x7a60afb024207e7f01449caf4eacc25681d3bd6b,0xe22F9fc0f04486dE25ed6CF1800a4a47aFD82e0C,legacy(A),0x2170ed0880ac9a755fd29b2688956bd959f933f8,WETH,0,0.0,0x55d398326f99059ff775485246999027b3197955,USDT,0,0.0,0,0x55aa9d8,0x13ee4e6cc9a65cd3cf5dde790ca5b910ecd77505c325de3634ab5c6787bae7c8,0x63441ac2159fb7567b372609b4f30e526af45286,,
bsc,0x02250ca51f931534d0e1a7a31381e73e727724eb,0xe22F9fc0f04486dE25ed6CF1800a4a47aFD82e0C,legacy(A),0x7083609fce4d1d8dc0c979aab8c869ea2c873402,DOT,0,0.0,0x55d398326f99059ff775485246999027b3197955,USDT,0,0.0,0,0x55aa9f0,0x40710c4067e1fffcd36ad1d59e26be6834d41f21f3969853589400a94d3fcb7f,0xab73a3b8d606198287abd5e5b0664d50fb2b47e2,,
bsc,0x7177127f681f42415232665ef0aa1970d5157781,0xe22F9fc0f04486dE25ed6CF1800a4a47aFD82e0C,legacy(A),0xbb4cdb9cbd36b01bd1cbaebf2de08d9173bc095c,WBNB,0,0.0,0x55d398326f99059ff775485246999027b3197955,USDT,0,0.0,0,0x55b4ec4,0x3a71017d5d8e0639b0c2f5038871850f2e380e70a89ec1db075e36329fa2aa8e,0x4288a8d6628abf982517ccbd2445b097ec4745f1,,
bsc,0x0641ba8c22e2016742732d15c7c203c82d73ebae,0xe22F9fc0f04486dE25ed6CF1800a4a47aFD82e0C,legacy(A),0x7130d2a12b9bcbfae4f2634d864a1ee1ce3ead9c,BTCB,0,0.0,0x55d398326f99059ff775485246999027b3197955,USDT,0,0.0,0,0x55b4ed9,0x40f877253eedbe75f61f5ddce2513656d7e4d4d72ce34716a749d523f2c84cd8,0xa6cb0490c15dec617d62b8020be8ee75af55994f,,
bsc,0x2ecabf4d9ffa8b25bc45c43e41d5cca26ee6daa9,0xe22F9fc0f04486dE25ed6CF1800a4a47aFD82e0C,legacy(A),0x2170ed0880ac9a755fd29b2688956bd959f933f8,WETH,0,0.0,0x55d398326f99059ff775485246999027b3197955,USDT,0,0.0,0,0x55b4eee,0x54362aa6cc0010dbbb1c84dd0102ff0a6833f7e98e53b4d6f92c9b2ed72003d7,0x63441ac2159fb7567b372609b4f30e526af45286,,
bsc,0x8f279a4cdec60bb42547728615ebb7a634714c70,0xe22F9fc0f04486dE25ed6CF1800a4a47aFD82e0C,legacy(A),0x7083609fce4d1d8dc0c979aab8c869ea2c873402,DOT,0,0.0,0x55d398326f99059ff775485246999027b3197955,USDT,0,0.0,0,0x55b4f05,0xbd25e2c86d13f48e5c5cc4a76127827d9d2e488b230181a1d564d51e465df1c6,0xab73a3b8d606198287abd5e5b0664d50fb2b47e2,,
bsc,0x9c040b82e827991fbea05cd0dec05e06e913ef91,0xe22F9fc0f04486dE25ed6CF1800a4a47aFD82e0C,legacy(A),0x205812cdbed920aff76c6580abd681a46d11efc7,QQQB,0,0.0,0x55d398326f99059ff775485246999027b3197955,USDT,0,0.0,0,0x6ca0f0b,0x5088fc20c70383295da19d264e168e5562c29c7c9119d4f1173356bbf3a06517,0x43514565e14611e19ca95428283cab6d41550d6b,,
bsc,0x3963c63e53cb8a2aac8bdded6467d8a6c1ee640d,0xe22F9fc0f04486dE25ed6CF1800a4a47aFD82e0C,legacy(A),0x205812cdbed920aff76c6580abd681a46d11efc7,QQQB,0,0.0,0x55d398326f99059ff775485246999027b3197955,USDT,0,0.0,0,0x6ca1bad,0xfc8a8bd713dc9197767cc43ceab5ec43b300c94f006f858058db271647ede424,0x43514565e14611e19ca95428283cab6d41550d6b,,
bsc,0x6d1a8a3f57db39c5081d00f19eba6ed40c5838aa,0xe22F9fc0f04486dE25ed6CF1800a4a47aFD82e0C,legacy(A),0xbe9d156892e55e7154bcd3cb0fea677f9d3103e1,SPCXB,0,0.0,0x55d398326f99059ff775485246999027b3197955,USDT,0,0.0,0,0x6de2604,0x50d3eabd270629da40196578cfb7d467bbf50f865c73a4a3708b812cbb47bc85,0x0e4b15f2058d004bbb042edf05cd2138e30166ed,,
ethereum,0xe8719f3dfa613e1f94230d31c93e5c6db0986010,0x622911384e7973439b8be305f5e3Fc3c5736EDe4,v1(B),0xa0b86991c6218b36c1d19d4a2e9eb0ce3606eb48,USDC,0,0.0,0xdac17f958d2ee523a2206206994597c13d831ec7,USDT,0,0.0,0,0x187a702,0x453594099231bcd1b8dcc8dbc3eff06bd55c0fa5e650c253e1c74097ab6c1e93,0x59f82f57284331c6be045465a9a8dda53bd018b8,0x05af07e7fedc42999eb00c666d1a6c76c0806f0f,0xde0ae901fe81c82ce26d6cbdc671125e5fd8f8ae
ethereum,0x5e139a17d8790a5382e088ae5631b5100f3c8b53,0x622911384e7973439b8be305f5e3Fc3c5736EDe4,v1(B),0xcbb7c0000ab88b473b1f5afd9ef808440eed33bf,cbBTC,0,0.0,0xa0b86991c6218b36c1d19d4a2e9eb0ce3606eb48,USDC,0,0.0,0,0x187a706,0x8cf4a14a1b86db18bbe9442889cc80af928747a0c2e24ac07d7d2a393c0e614f,0xa43356d9ee385d09c8fd8253c4104416bb26defd,0x05af07e7fedc42999eb00c666d1a6c76c0806f0f,0xde0ae901fe81c82ce26d6cbdc671125e5fd8f8ae
ethereum,0x6c74efe9b746fec261c160a964cb9ad73f11268e,0x622911384e7973439b8be305f5e3Fc3c5736EDe4,v1(B),0x2260fac5e5542a773aa44fbcfedf7c193bc2c599,WBTC,0,0.0,0xa0b86991c6218b36c1d19d4a2e9eb0ce3606eb48,USDC,0,0.0,0,0x187a755,0xc8232d476aec25fb1cd541f57300e274ff3a07379f98f695a767dbb74e4c4957,0x4320ec5a689b8589416413e277df0cc1b858aa4d,0x05af07e7fedc42999eb00c666d1a6c76c0806f0f,0xde0ae901fe81c82ce26d6cbdc671125e5fd8f8ae
ethereum,0x5bdc5d5f5b0ac7b806360a9e7604cc909c7f94ef,0x622911384e7973439b8be305f5e3Fc3c5736EDe4,v1(B),0x6c3ea9036406852006290770bedfcaba0e23a0e8,PYUSD,0,0.0,0xa0b86991c6218b36c1d19d4a2e9eb0ce3606eb48,USDC,0,0.0,0,0x1888bb2,0xef9a1e71dd1e0e9e3ce200a0972008d7cae58ba300891573343ebfb29cebb805,0x41aadf53be066b77b9ac31e73e3f62980d254191,0x05af07e7fedc42999eb00c666d1a6c76c0806f0f,0xde0ae901fe81c82ce26d6cbdc671125e5fd8f8ae
arbitrum,0x861e854850e6e077c4f5ee6b819c67689c338c88,0x622911384e7973439b8be305f5e3Fc3c5736EDe4,v1(B),0xaf88d065e77c8cc2239327c5edb3a432268e5831,USDC,0,0.0,0xfd086bc7cd5c481dcc9c85ebe478a1c0b69fcbb9,USDT0,0,0.0,0,0x1d2464d1,0x3f5900333002dd7b32e0c5dcc63fc79f9c0c377296944ead3f42acb1c5337ef6,0x819ed09e5ab1470b9f4ec79dc2c4931af2c1d803,0x05af07e7fedc42999eb00c666d1a6c76c0806f0f,0xde0ae901fe81c82ce26d6cbdc671125e5fd8f8ae
arbitrum,0xfb2fcc3fbc1ec55d58a40aee354b0f8e7f5e2246,0x622911384e7973439b8be305f5e3Fc3c5736EDe4,v1(B),0x82af49447d8a07e3bd95bd0d56f35241523fbab1,WETH,0,0.0,0xaf88d065e77c8cc2239327c5edb3a432268e5831,USDC,0,0.0,0,0x1d2464de,0x04932a73f029821a2f79f22fd63906eb138c0ecf20354fb984b2ffefb789efb7,0x2b7672aa254f563ebd567fa8277f52a05ebd0c65,0x05af07e7fedc42999eb00c666d1a6c76c0806f0f,0xde0ae901fe81c82ce26d6cbdc671125e5fd8f8ae
arbitrum,0x69e66bb6a4f79c76135f52bb70dc03102894d7a9,0x622911384e7973439b8be305f5e3Fc3c5736EDe4,v1(B),0x2f2a2543b76a4166549f7aab2e75bef0aefc5b0f,WBTC,0,0.0,0xaf88d065e77c8cc2239327c5edb3a432268e5831,USDC,0,0.0,0,0x1d2464ec,0x7d3d68e2bf64da49d36db6063bbf61520e3041be36c32fa07c726a1ab75d9d44,0xeb544c83e8c5f5d5970afb3d6dd1787aec6b9d09,0x05af07e7fedc42999eb00c666d1a6c76c0806f0f,0xde0ae901fe81c82ce26d6cbdc671125e5fd8f8ae
arbitrum,0x7a3723e51e502f2f51981b8106247f4869704b30,0x622911384e7973439b8be305f5e3Fc3c5736EDe4,v1(B),0xaf88d065e77c8cc2239327c5edb3a432268e5831,USDC,0,0.0,0xfd086bc7cd5c481dcc9c85ebe478a1c0b69fcbb9,USDT0,0,0.0,0,0x1d249756,0xc20b2cf7a8873eddc85a4def5af26fd05c8ac77e90b8938055bd1055632eb1a6,0x819ed09e5ab1470b9f4ec79dc2c4931af2c1d803,0x05af07e7fedc42999eb00c666d1a6c76c0806f0f,0xde0ae901fe81c82ce26d6cbdc671125e5fd8f8ae
arbitrum,0xad5582f1ffe13935d2312e1e42924d042b76f65c,0x622911384e7973439b8be305f5e3Fc3c5736EDe4,v1(B),0x82af49447d8a07e3bd95bd0d56f35241523fbab1,WETH,0,0.0,0xaf88d065e77c8cc2239327c5edb3a432268e5831,USDC,0,0.0,0,0x1d2497a3,0xd290be8833ba974981041790d1a620a5fc785e1a7c0cc94e6ba96f2c75217be0,0x2b7672aa254f563ebd567fa8277f52a05ebd0c65,0x05af07e7fedc42999eb00c666d1a6c76c0806f0f,0xde0ae901fe81c82ce26d6cbdc671125e5fd8f8ae
arbitrum,0x464fa473ef7aff857f0f2b6d63b340a02ae5a790,0x622911384e7973439b8be305f5e3Fc3c5736EDe4,v1(B),0x2f2a2543b76a4166549f7aab2e75bef0aefc5b0f,WBTC,0,0.0,0xaf88d065e77c8cc2239327c5edb3a432268e5831,USDC,0,0.0,0,0x1d2497fe,0x95d6ed4a12bdbb7dcf6dfa03e9b480998ef83cc7da866388de26afaf30500836,0xeb544c83e8c5f5d5970afb3d6dd1787aec6b9d09,0x05af07e7fedc42999eb00c666d1a6c76c0806f0f,0xde0ae901fe81c82ce26d6cbdc671125e5fd8f8ae
base,0x1d06d44f9f76c685eb1f5f2e6c121e87d0810bef,0x622911384e7973439b8be305f5e3Fc3c5736EDe4,v1(B),0x4200000000000000000000000000000000000006,WETH,0,0.0,0x833589fcd6edb6e08f4c7c32d4f71b54bda02913,USDC,0,0.0,0,0x2e7cff5,0x0678a4f092c0193423c29506d32096e17425bc05da5e923b36f32cf74f6b9be8,0x44828d036d044b61b338b7ad9e464f2d67762861,0xd7da103699cf09c759bf7cbd6c4d42db706ab542,0xd7da103699cf09c759bf7cbd6c4d42db706ab542
base,0x87fa1e784ae83f0ab8de88a556ecd448612b7894,0x622911384e7973439b8be305f5e3Fc3c5736EDe4,v1(B),0x4200000000000000000000000000000000000006,WETH,0,0.0,0x833589fcd6edb6e08f4c7c32d4f71b54bda02913,USDC,0,0.0,0,0x2e7d35b,0x53827324059c89a84f0ea710fa4adf930194f8e3e91ff9c56977b88c3ddb75f6,0x37c4a538692ce0ddaa2fe7c20031683dabfe4d61,0xd7da103699cf09c759bf7cbd6c4d42db706ab542,0xd7da103699cf09c759bf7cbd6c4d42db706ab542
base,0xe3774bfd9af18acd57b94e37fc7e1b1c3ad052a3,0x622911384e7973439b8be305f5e3Fc3c5736EDe4,v1(B),0x4200000000000000000000000000000000000006,WETH,0,0.0,0x833589fcd6edb6e08f4c7c32d4f71b54bda02913,USDC,0,0.0,0,0x2e7d607,0xa48575c78bb8ec2fbc027ea1aaca91fa84a26e9d9ff6e34028aa10139e15e2be,0x9429f56cec25fd2691ccef88d21f13aa93126f5a,0x791a1c44b947d6f111ef598adea9f9f239b52fa3,0x791a1c44b947d6f111ef598adea9f9f239b52fa3
base,0x5af172be9821a5a99d43dd032fe1ad4830826f3a,0x622911384e7973439b8be305f5e3Fc3c5736EDe4,v1(B),0xcbb7c0000ab88b473b1f5afd9ef808440eed33bf,cbBTC,0,0.0,0x833589fcd6edb6e08f4c7c32d4f71b54bda02913,USDC,0,0.0,0,0x2e95c9a,0x8c518bc02b265db58b459de781a3f1d715e3ee8fa2e20c3dab6c21c1b5ac8a0b,0xefc0b24a7b293ede1909730ff3f8bfff4e40beb5,0x78cbfc4fac62439cfb74514112c742f8d990e316,0x78cbfc4fac62439cfb74514112c742f8d990e316
base,0x90636c2a3f517be2db0e6cec92aaa9f9ac990091,0x622911384e7973439b8be305f5e3Fc3c5736EDe4,v1(B),0xcbb7c0000ab88b473b1f5afd9ef808440eed33bf,cbBTC,0,0.0,0x833589fcd6edb6e08f4c7c32d4f71b54bda02913,USDC,0,0.0,0,0x2e95c9b,0x9620e889cc9af5d51ae8dd963a5b275907629ee0c6dbea7725fa6c7f98769718,0x071f55c17afc7ecf0eed0304c0d7e9d106e57dfd,0x78cbfc4fac62439cfb74514112c742f8d990e316,0x78cbfc4fac62439cfb74514112c742f8d990e316
base,0x00ce0675e440337498051101b5c43ffde054e9d1,0x622911384e7973439b8be305f5e3Fc3c5736EDe4,v1(B),0x4200000000000000000000000000000000000006,WETH,0,0.0,0x833589fcd6edb6e08f4c7c32d4f71b54bda02913,USDC,0,0.0,0,0x2e9e8b1,0xe8b0ca4618981e15ad5e20b4c7d23d5424a8fa75022c36954c527f407b360492,0x3d465673a1824ce8a7908f7eee278d1cb85f7090,0x791a1c44b947d6f111ef598adea9f9f239b52fa3,0x791a1c44b947d6f111ef598adea9f9f239b52fa3
base,0x0d9c7ff1621cb3186e9f853a6e6daa8d2d85005f,0x622911384e7973439b8be305f5e3Fc3c5736EDe4,v1(B),0x4200000000000000000000000000000000000006,WETH,0,0.0,0x833589fcd6edb6e08f4c7c32d4f71b54bda02913,USDC,0,0.0,0,0x2e9e9f3,0x3e148d1a31cf39f04d8c6db5a625e6a110df01f5b9d2e517c3386834fa6c3c51,0x86b2487a0d15fd8f615eb59e68e6d7e768340925,0x791a1c44b947d6f111ef598adea9f9f239b52fa3,0x791a1c44b947d6f111ef598adea9f9f239b52fa3
base,0x356f955a1bbc864bf416e20e17b499d7d0e5ec7c,0x622911384e7973439b8be305f5e3Fc3c5736EDe4,v1(B),0x4200000000000000000000000000000000000006,WETH,0,0.0,0x833589fcd6edb6e08f4c7c32d4f71b54bda02913,USDC,0,0.0,0,0x2e9eb38,0x309db5f3c15cda61a11b61de0ab1948e33650dc1a0719efac30c722536a8b987,0x86b2487a0d15fd8f615eb59e68e6d7e768340925,0x791a1c44b947d6f111ef598adea9f9f239b52fa3,0x791a1c44b947d6f111ef598adea9f9f239b52fa3
base,0x93ede782edc478621dc8a5c61b6b7bcad3931bf6,0x622911384e7973439b8be305f5e3Fc3c5736EDe4,v1(B),0x4200000000000000000000000000000000000006,WETH,0,0.0,0x833589fcd6edb6e08f4c7c32d4f71b54bda02913,USDC,0,0.0,0,0x2e9ee02,0x4f0423766eb2b100a5e125aaf07c08e3e25f39b66dd7684f9beb8235af77bef7,0x86b2487a0d15fd8f615eb59e68e6d7e768340925,0x791a1c44b947d6f111ef598adea9f9f239b52fa3,0x791a1c44b947d6f111ef598adea9f9f239b52fa3
base,0x5ea84124dd7dfa2208b06cf6e0e7440bff670133,0x622911384e7973439b8be305f5e3Fc3c5736EDe4,v1(B),0x4200000000000000000000000000000000000006,WETH,0,0.0,0x833589fcd6edb6e08f4c7c32d4f71b54bda02913,USDC,0,0.0,0,0x2e9ee6b,0x3056b00ed06062d2d27a3a420ecc11b617d4207bfd5c6c7acb340bc7d77f52d2,0x86b2487a0d15fd8f615eb59e68e6d7e768340925,0x791a1c44b947d6f111ef598adea9f9f239b52fa3,0x791a1c44b947d6f111ef598adea9f9f239b52fa3
base,0x689cff75eb97fe10bce8bff8fd64f38afb8ec8f9,0x622911384e7973439b8be305f5e3Fc3c5736EDe4,v1(B),0x4200000000000000000000000000000000000006,WETH,0,0.0,0x833589fcd6edb6e08f4c7c32d4f71b54bda02913,USDC,0,0.0,0,0x2e9eee0,0xfc74a95c5dc4251d053679dfa1884bebf3987e16640aa1c12c0b6c5327606041,0x3d465673a1824ce8a7908f7eee278d1cb85f7090,0x791a1c44b947d6f111ef598adea9f9f239b52fa3,0x791a1c44b947d6f111ef598adea9f9f239b52fa3
base,0x8652e1bcc9cabaf5cb34ba0e62553cb4214ee299,0x622911384e7973439b8be305f5e3Fc3c5736EDe4,v1(B),0x4200000000000000000000000000000000000006,WETH,0,0.0,0x833589fcd6edb6e08f4c7c32d4f71b54bda02913,USDC,0,0.0,0,0x2e9f0b5,0x757507868abe060ebb3f31e6b0fa898415c74faa1b6c6cac70ad4c0584ba0249,0x86b2487a0d15fd8f615eb59e68e6d7e768340925,0x791a1c44b947d6f111ef598adea9f9f239b52fa3,0x791a1c44b947d6f111ef598adea9f9f239b52fa3
base,0xd2d99cf43b0946617c7ebb3f348bc598b41fcd72,0x622911384e7973439b8be305f5e3Fc3c5736EDe4,v1(B),0x4200000000000000000000000000000000000006,WETH,0,0.0,0x833589fcd6edb6e08f4c7c32d4f71b54bda02913,USDC,0,0.0,0,0x2e9f1ef,0xcf7a01d9b192f330f8d2ef4749bf2097b5e961b284e6508eef999d13fa168bc2,0x7fadd860b2ddce4fd0e44df2ad3426cb2fcf0d80,0xbe31e11455568d7fb6708266bd6e9807cb5ea763,0xbe31e11455568d7fb6708266bd6e9807cb5ea763
base,0xd310d1ba0dfdaf7d9cf20c1e6aa5acaacb442684,0x622911384e7973439b8be305f5e3Fc3c5736EDe4,v1(B),0x4200000000000000000000000000000000000006,WETH,0,0.0,0x833589fcd6edb6e08f4c7c32d4f71b54bda02913,USDC,0,0.0,0,0x2e9f2b3,0xaf5cc1c42ce7d94efcc4384777d427605f931af32e739aa89fa1896a22bacd1e,0x7fadd860b2ddce4fd0e44df2ad3426cb2fcf0d80,0xbe31e11455568d7fb6708266bd6e9807cb5ea763,0xbe31e11455568d7fb6708266bd6e9807cb5ea763
base,0xd3ec1e104cd0636f24541f2caa73e715a1261aad,0x622911384e7973439b8be305f5e3Fc3c5736EDe4,v1(B),0x4200000000000000000000000000000000000006,WETH,0,0.0,0x833589fcd6edb6e08f4c7c32d4f71b54bda02913,USDC,0,0.0,0,0x2e9f2cd,0x2c4c262094c02726d6fe819cddcae11f30b8c64cab1dcee825ba9aa88ed4f92c,0x4edc4220cfe67ed42741f5607a2224bdcd527739,0xbe31e11455568d7fb6708266bd6e9807cb5ea763,0xbe31e11455568d7fb6708266bd6e9807cb5ea763
base,0xe18bafeeec9bda2ed66516436b30028cc2ff99f4,0x622911384e7973439b8be305f5e3Fc3c5736EDe4,v1(B),0x4200000000000000000000000000000000000006,WETH,0,0.0,0x833589fcd6edb6e08f4c7c32d4f71b54bda02913,USDC,0,0.0,0,0x2ecd706,0xc4bdbe0f70a05889f0ab23e630b08b93ef3a9e2cd92a1e4395c8ba1739bc5afb,0x9429f56cec25fd2691ccef88d21f13aa93126f5a,0x791a1c44b947d6f111ef598adea9f9f239b52fa3,0x791a1c44b947d6f111ef598adea9f9f239b52fa3
base,0x7474e20fce7609e13f3b13b741ce3f2b44fbe75b,0x622911384e7973439b8be305f5e3Fc3c5736EDe4,v1(B),0x4200000000000000000000000000000000000006,WETH,0,0.0,0x833589fcd6edb6e08f4c7c32d4f71b54bda02913,USDC,0,0.0,0,0x2ee60d7,0xbedb5249ecd0868dffc540d57de24a599b756938c423d27c5762ee48233c23d2,0x9429f56cec25fd2691ccef88d21f13aa93126f5a,0xc16271ef8ef9d673cdf6ad93c74481a6c8e41ca2,0xc16271ef8ef9d673cdf6ad93c74481a6c8e41ca2
base,0x872964dae09d7e5e3239be8a499b7aaeec21f615,0x622911384e7973439b8be305f5e3Fc3c5736EDe4,v1(B),0x4200000000000000000000000000000000000006,WETH,0,0.0,0x833589fcd6edb6e08f4c7c32d4f71b54bda02913,USDC,0,0.0,0,0x2ee61c9,0xa8895d39fb4d99d0d76be670a2abdabf17ce71dc1d59c2bf572a0e841ad19c56,0x9429f56cec25fd2691ccef88d21f13aa93126f5a,0xc16271ef8ef9d673cdf6ad93c74481a6c8e41ca2,0xc16271ef8ef9d673cdf6ad93c74481a6c8e41ca2
base,0x39b1a3158065e8d1eb4ba34bf05ab986a5618b23,0x622911384e7973439b8be305f5e3Fc3c5736EDe4,v1(B),0x0b3e328455c4059eeb9e3f84b5543f74e24e7e1b,VIRTUAL,0,0.0,0x833589fcd6edb6e08f4c7c32d4f71b54bda02913,USDC,0,0.0,0,0x2f28daa,0x887b4655c9114f07505643b061fe4cfb71d7e36b7f9ebefbfd3f8e9e2097b5b8,0x2d61ee6488ad477a6239553c95807665b7dadd7f,0xae58d399432abb59bc45de8c04a0d60cdd575e0c,0xae58d399432abb59bc45de8c04a0d60cdd575e0c
base,0x977781080fae28fb0db824141b702e19a693fd9e,0x622911384e7973439b8be305f5e3Fc3c5736EDe4,v1(B),0x0b3e328455c4059eeb9e3f84b5543f74e24e7e1b,VIRTUAL,0,0.0,0x833589fcd6edb6e08f4c7c32d4f71b54bda02913,USDC,0,0.0,0,0x2f37205,0x12a4d11f6d1a7e994250ac988136a79e7c538cc1f2c63a60e6b38d71768f5912,0xd4fd9bc871c4366952b8610f281f36b31ded5a98,0xae58d399432abb59bc45de8c04a0d60cdd575e0c,0xae58d399432abb59bc45de8c04a0d60cdd575e0c
base,0xd09855feae66b2b085f2189b27e380382882b119,0x622911384e7973439b8be305f5e3Fc3c5736EDe4,v1(B),0x4200000000000000000000000000000000000006,WETH,0,0.0,0x833589fcd6edb6e08f4c7c32d4f71b54bda02913,USDC,0,0.0,0,0x2f46ee5,0xab79e0569e4dd2c2019d76c46627a8d2c83326147417913df02f370f8a35f834,0x7c7aece5b8ba1ed5e348ab5bcdc3829ca71ffaca,0x791a1c44b947d6f111ef598adea9f9f239b52fa3,0x791a1c44b947d6f111ef598adea9f9f239b52fa3
base,0x04bfa16efa138d9b3e79de59175fe43dffc0efac,0x622911384e7973439b8be305f5e3Fc3c5736EDe4,v1(B),0x4200000000000000000000000000000000000006,WETH,0,0.0,0x833589fcd6edb6e08f4c7c32d4f71b54bda02913,USDC,0,0.0,0,0x2f470a4,0x7067ac8ed0350e7938cb5713414394751c22ebfc3cadf7fb8cb6bc1f3716c2b5,0xc3eeca407b121c401278a39b0992a219b6a0194f,0x791a1c44b947d6f111ef598adea9f9f239b52fa3,0x791a1c44b947d6f111ef598adea9f9f239b52fa3
base,0xa4c0171c4d9e9804c1efe135e7939b1cd1b5fa88,0x622911384e7973439b8be305f5e3Fc3c5736EDe4,v1(B),0x4200000000000000000000000000000000000006,WETH,0,0.0,0x833589fcd6edb6e08f4c7c32d4f71b54bda02913,USDC,0,0.0,0,0x2f4711c,0xb57dbf6f7dfe34854c40bc9f0f8078f8ef91e93513f754ecb56f74f78c66ca0d,0xf79aee70be05e3c319af398b06ce1ccf1f8b1c3f,0x791a1c44b947d6f111ef598adea9f9f239b52fa3,0x791a1c44b947d6f111ef598adea9f9f239b52fa3
base,0x02bf62d415775302af9d87d3b74d2737ff3b2695,0x622911384e7973439b8be305f5e3Fc3c5736EDe4,v1(B),0x4200000000000000000000000000000000000006,WETH,0,0.0,0x833589fcd6edb6e08f4c7c32d4f71b54bda02913,USDC,0,0.0,0,0x2f47149,0xeda344347cb3e5096b9d87e7cde774ca9a0c3a3195966b150c5feaa0a21f0492,0xddee1af24de18057f78c893c6221949dba204343,0x791a1c44b947d6f111ef598adea9f9f239b52fa3,0x791a1c44b947d6f111ef598adea9f9f239b52fa3
base,0xb2b57594dd915827c37c55bc63089e3686b96a4e,0x622911384e7973439b8be305f5e3Fc3c5736EDe4,v1(B),0x4200000000000000000000000000000000000006,WETH,0,0.0,0x833589fcd6edb6e08f4c7c32d4f71b54bda02913,USDC,0,0.0,0,0x2f474df,0x0defc26e3a4511365b529bf339fb7369d17860533672528f450193826c2ea550,0xc36cae38e41b3b94bd31a4f66758d3b1c81125d0,0x791a1c44b947d6f111ef598adea9f9f239b52fa3,0x791a1c44b947d6f111ef598adea9f9f239b52fa3
base,0x136f45af255f8c538e5808a8a9dc544aa6b65dc5,0x622911384e7973439b8be305f5e3Fc3c5736EDe4,v1(B),0x4200000000000000000000000000000000000006,WETH,0,0.0,0x833589fcd6edb6e08f4c7c32d4f71b54bda02913,USDC,0,0.0,0,0x2f47763,0x4ae2fd2c5963ddd0c5fd21eb2961175e0d508fbf9126c5cda8a01091affa62c5,0x625ac82a3a72ca7f60a06464f6945d4451485d07,0x791a1c44b947d6f111ef598adea9f9f239b52fa3,0x791a1c44b947d6f111ef598adea9f9f239b52fa3
base,0x86f34312a61e064c8a7084a80e5e3b5e40566bfc,0x622911384e7973439b8be305f5e3Fc3c5736EDe4,v1(B),0x4200000000000000000000000000000000000006,WETH,0,0.0,0x833589fcd6edb6e08f4c7c32d4f71b54bda02913,USDC,0,0.0,0,0x2f477e1,0x9460644cdd054768f34925b1e873a4bbb5ffa0d57ee095ea26d91d829c70a775,0xc1e12d4d3ba9740e57216500a381a0d09de968d0,0x791a1c44b947d6f111ef598adea9f9f239b52fa3,0x791a1c44b947d6f111ef598adea9f9f239b52fa3
base,0xf7814d8a2eefc4043190496324db11ee2d66ceba,0x622911384e7973439b8be305f5e3Fc3c5736EDe4,v1(B),0x0b3e328455c4059eeb9e3f84b5543f74e24e7e1b,VIRTUAL,0,0.0,0x4200000000000000000000000000000000000006,WETH,0,0.0,0,0x2f56324,0xc2c7bb15e3bc7ab3cdd18d25317bea8c31af5eff6ab1d284b37ed576b538e111,0xd14355c9c594019adbadf8c04d2413231f5b2fff,0xae58d399432abb59bc45de8c04a0d60cdd575e0c,0xae58d399432abb59bc45de8c04a0d60cdd575e0c
robinhood,0x79c3c6f5d086d5815b8513ad6627337d5f6ef034,0x622911384e7973439b8be305f5e3Fc3c5736EDe4,v1(B),0x0bd7d308f8e1639fab988df18a8011f41eacad73,WETH,0,0.0,0x5fc5360d0400a0fd4f2af552add042d716f1d168,USDG,0,0.0,0,0xac409a,0x46d8fa607092878deb065f72440ed281d0dd96a112206ef3e9356196bc2a1692,0x080132d914ea5acbfabe76d88ad588a10f6a1028,0x05af07e7fedc42999eb00c666d1a6c76c0806f0f,0x05af07e7fedc42999eb00c666d1a6c76c0806f0f
robinhood,0xa056d41d303fc3140a5c9f8e6e6d4a56298fc1ca,0x622911384e7973439b8be305f5e3Fc3c5736EDe4,v1(B),0x0bd7d308f8e1639fab988df18a8011f41eacad73,WETH,0,0.0,0x5fc5360d0400a0fd4f2af552add042d716f1d168,USDG,0,0.0,0,0x14f381e,0xc463a07d68faf9062deb0ca1b4284207a25e0f43827e35f8e2bb928ebd17077e,0x0dbdb50ec1534c565b32bb2f5e89178a2c4689f5,0x05af07e7fedc42999eb00c666d1a6c76c0806f0f,0xde0ae901fe81c82ce26d6cbdc671125e5fd8f8ae
robinhood,0xd9f200ee7475fa6474f5926bb06009003d8caa71,0x622911384e7973439b8be305f5e3Fc3c5736EDe4,v1(B),0x0bd7d308f8e1639fab988df18a8011f41eacad73,WETH,0,0.0,0x5fc5360d0400a0fd4f2af552add042d716f1d168,USDG,0,0.0,0,0x1564966,0x8a257f7bf82b8ec4f5885367f6567ee4862680656ae0f7904633d0d84de46b9c,0x0dbdb50ec1534c565b32bb2f5e89178a2c4689f5,0x05af07e7fedc42999eb00c666d1a6c76c0806f0f,0xde0ae901fe81c82ce26d6cbdc671125e5fd8f8ae
